ingredient_id,day,units_in_inventory
4e7ddd38,0,54
4e7ddd38,1,27
4e7ddd38,2,0
4e7ddd38,3,54
4e7ddd38,4,30
4e7ddd38,5,10
4e7ddd38,6,54
4e7ddd38,7,32
4e7ddd38,8,10
4e7ddd38,9,54
df6b93c4,0,74
df6b93c4,1,37
df6b93c4,2,5
df6b93c4,3,74
df6b93c4,4,45
df6b93c4,5,10
df6b93c4,6,74
df6b93c4,7,47
df6b93c4,8,14
df6b93c4,9,74
69ff89cf,0,84
69ff89cf,1,66
69ff89cf,2,46
69ff89cf,3,26
69ff89cf,4,6
69ff89cf,5,84
69ff89cf,6,67
69ff89cf,7,49
69ff89cf,8,31
69ff89cf,9,13
a0212b99,0,76
a0212b99,1,45
a0212b99,2,14
a0212b99,3,76
a0212b99,4,46
a0212b99,5,20
a0212b99,6,76
a0212b99,7,44
a0212b99,8,16
a0212b99,9,76
b1d8eb65,0,73
b1d8eb65,1,57
b1d8eb65,2,42
b1d8eb65,3,25
b1d8eb65,4,10
b1d8eb65,5,73
b1d8eb65,6,56
b1d8eb65,7,40
b1d8eb65,8,23
b1d8eb65,9,7
5ed3ddc7,0,84
5ed3ddc7,1,64
5ed3ddc7,2,46
5ed3ddc7,3,27
5ed3ddc7,4,8
5ed3ddc7,5,84
5ed3ddc7,6,65
5ed3ddc7,7,46
5ed3ddc7,8,29
5ed3ddc7,9,10
7a51f559,0,62
7a51f559,1,47
7a51f559,2,32
7a51f559,3,20
7a51f559,4,7
7a51f559,5,62
7a51f559,6,47
7a51f559,7,34
7a51f559,8,19
7a51f559,9,4
5baadde7,0,92
5baadde7,1,69
5baadde7,2,48
5baadde7,3,28
5baadde7,4,8
5baadde7,5,92
5baadde7,6,72
5baadde7,7,49
5baadde7,8,31
5baadde7,9,8
c6cde6df,0,74
c6cde6df,1,55
c6cde6df,2,34
c6cde6df,3,14
c6cde6df,4,74
c6cde6df,5,54
c6cde6df,6,34
c6cde6df,7,15
c6cde6df,8,74
c6cde6df,9,55
551a9a17,0,95
551a9a17,1,54
551a9a17,2,20
551a9a17,3,95
551a9a17,4,48
551a9a17,5,12
551a9a17,6,95
551a9a17,7,60
551a9a17,8,22
551a9a17,9,95
24e630f1,0,61
24e630f1,1,49
24e630f1,2,37
24e630f1,3,27
24e630f1,4,16
24e630f1,5,5
24e630f1,6,61
24e630f1,7,50
24e630f1,8,39
24e630f1,9,28
c2996716,0,55
c2996716,1,35
c2996716,2,8
c2996716,3,55
c2996716,4,33
c2996716,5,14
c2996716,6,55
c2996716,7,33
c2996716,8,7
c2996716,9,55
0775bfd9,0,94
0775bfd9,1,80
0775bfd9,2,65
0775bfd9,3,50
0775bfd9,4,36
0775bfd9,5,21
0775bfd9,6,7
0775bfd9,7,94
0775bfd9,8,79
0775bfd9,9,63
44ec08eb,0,66
44ec08eb,1,56
44ec08eb,2,46
44ec08eb,3,35
44ec08eb,4,26
44ec08eb,5,16
44ec08eb,6,6
44ec08eb,7,66
44ec08eb,8,55
44ec08eb,9,45
2b96b9bd,0,55
2b96b9bd,1,45
2b96b9bd,2,34
2b96b9bd,3,24
2b96b9bd,4,15
2b96b9bd,5,5
2b96b9bd,6,55
2b96b9bd,7,44
2b96b9bd,8,34
2b96b9bd,9,23
27268511,0,87
27268511,1,71
27268511,2,55
27268511,3,39
27268511,4,23
27268511,5,7
27268511,6,87
27268511,7,70
27268511,8,54
27268511,9,37
319478e5,0,85
319478e5,1,70
319478e5,2,56
319478e5,3,39
319478e5,4,23
319478e5,5,8
319478e5,6,85
319478e5,7,69
319478e5,8,54
319478e5,9,39
86fa3972,0,95
86fa3972,1,79
86fa3972,2,65
86fa3972,3,50
86fa3972,4,36
86fa3972,5,22
86fa3972,6,7
86fa3972,7,95
86fa3972,8,80
86fa3972,9,66
5c2f5067,0,55
5c2f5067,1,40
5c2f5067,2,24
5c2f5067,3,8
5c2f5067,4,55
5c2f5067,5,40
5c2f5067,6,24
5c2f5067,7,10
5c2f5067,8,55
5c2f5067,9,39
063590f1,0,57
063590f1,1,46
063590f1,2,35
063590f1,3,25
063590f1,4,14
063590f1,5,3
063590f1,6,57
063590f1,7,45
063590f1,8,34
063590f1,9,23
1d1fecf0,0,66
1d1fecf0,1,37
1d1fecf0,2,9
1d1fecf0,3,66
1d1fecf0,4,35
1d1fecf0,5,7
1d1fecf0,6,66
1d1fecf0,7,39
1d1fecf0,8,10
1d1fecf0,9,66
10ecd666,0,99
10ecd666,1,75
10ecd666,2,51
10ecd666,3,27
10ecd666,4,2
10ecd666,5,99
10ecd666,6,76
10ecd666,7,55
10ecd666,8,34
10ecd666,9,12
97ca1237,0,90
97ca1237,1,48
97ca1237,2,4
97ca1237,3,90
97ca1237,4,45
97ca1237,5,9
97ca1237,6,90
97ca1237,7,58
97ca1237,8,23
97ca1237,9,90
7750cb6c,0,80
7750cb6c,1,46
7750cb6c,2,10
7750cb6c,3,80
7750cb6c,4,53
7750cb6c,5,24
7750cb6c,6,80
7750cb6c,7,52
7750cb6c,8,21
7750cb6c,9,80
6c946d52,0,78
6c946d52,1,62
6c946d52,2,45
6c946d52,3,28
6c946d52,4,9
6c946d52,5,78
6c946d52,6,59
6c946d52,7,40
6c946d52,8,21
6c946d52,9,5
8bcd0339,0,57
8bcd0339,1,46
8bcd0339,2,35
8bcd0339,3,25
8bcd0339,4,14
8bcd0339,5,5
8bcd0339,6,57
8bcd0339,7,46
8bcd0339,8,36
8bcd0339,9,26
4bb0390a,0,97
4bb0390a,1,78
4bb0390a,2,59
4bb0390a,3,42
4bb0390a,4,23
4bb0390a,5,4
4bb0390a,6,97
4bb0390a,7,78
4bb0390a,8,61
4bb0390a,9,42
5657b51f,0,51
5657b51f,1,28
5657b51f,2,10
5657b51f,3,51
5657b51f,4,27
5657b51f,5,8
5657b51f,6,51
5657b51f,7,31
5657b51f,8,12
5657b51f,9,51
7f3b29e5,0,61
7f3b29e5,1,49
7f3b29e5,2,37
7f3b29e5,3,26
7f3b29e5,4,15
7f3b29e5,5,3
7f3b29e5,6,61
7f3b29e5,7,49
7f3b29e5,8,38
7f3b29e5,9,28
d130f95d,0,67
d130f95d,1,51
d130f95d,2,35
d130f95d,3,20
d130f95d,4,6
d130f95d,5,67
d130f95d,6,52
d130f95d,7,36
d130f95d,8,22
d130f95d,9,8
bd6a4b1d,0,54
bd6a4b1d,1,44
bd6a4b1d,2,34
bd6a4b1d,3,24
bd6a4b1d,4,14
bd6a4b1d,5,5
bd6a4b1d,6,54
bd6a4b1d,7,43
bd6a4b1d,8,33
bd6a4b1d,9,23
5ad857c3,0,84
5ad857c3,1,67
5ad857c3,2,51
5ad857c3,3,37
5ad857c3,4,20
5ad857c3,5,4
5ad857c3,6,84
5ad857c3,7,69
5ad857c3,8,54
5ad857c3,9,37
0789b067,0,68
0789b067,1,52
0789b067,2,37
0789b067,3,21
0789b067,4,5
0789b067,5,68
0789b067,6,53
0789b067,7,39
0789b067,8,22
0789b067,9,7
dde271cb,0,53
dde271cb,1,44
dde271cb,2,35
dde271cb,3,27
dde271cb,4,19
dde271cb,5,11
dde271cb,6,4
dde271cb,7,53
dde271cb,8,44
dde271cb,9,35
14ca416e,0,94
14ca416e,1,73
14ca416e,2,54
14ca416e,3,33
14ca416e,4,13
14ca416e,5,94
14ca416e,6,73
14ca416e,7,53
14ca416e,8,34
14ca416e,9,15
0fc2c3f9,0,54
0fc2c3f9,1,33
0fc2c3f9,2,13
0fc2c3f9,3,54
0fc2c3f9,4,33
0fc2c3f9,5,11
0fc2c3f9,6,54
0fc2c3f9,7,28
0fc2c3f9,8,10
0fc2c3f9,9,54
af1498f5,0,65
af1498f5,1,41
af1498f5,2,17
af1498f5,3,65
af1498f5,4,34
af1498f5,5,11
af1498f5,6,65
af1498f5,7,40
af1498f5,8,8
af1498f5,9,65
4662fb3d,0,97
4662fb3d,1,63
4662fb3d,2,21
4662fb3d,3,97
4662fb3d,4,59
4662fb3d,5,21
4662fb3d,6,97
4662fb3d,7,62
4662fb3d,8,18
4662fb3d,9,97
d6c3ccc3,0,92
d6c3ccc3,1,74
d6c3ccc3,2,59
d6c3ccc3,3,43
d6c3ccc3,4,26
d6c3ccc3,5,9
d6c3ccc3,6,92
d6c3ccc3,7,75
d6c3ccc3,8,58
d6c3ccc3,9,40
91da0c4c,0,72
91da0c4c,1,56
91da0c4c,2,39
91da0c4c,3,23
91da0c4c,4,8
91da0c4c,5,72
91da0c4c,6,56
91da0c4c,7,40
91da0c4c,8,25
91da0c4c,9,10
005483a8,0,50
005483a8,1,40
005483a8,2,31
005483a8,3,22
005483a8,4,12
005483a8,5,3
005483a8,6,50
005483a8,7,40
005483a8,8,30
005483a8,9,20
13337a58,0,63
13337a58,1,53
13337a58,2,44
13337a58,3,35
13337a58,4,26
13337a58,5,16
13337a58,6,6
13337a58,7,63
13337a58,8,53
13337a58,9,43
fa9ffd3e,0,80
fa9ffd3e,1,67
fa9ffd3e,2,54
fa9ffd3e,3,42
fa9ffd3e,4,30
fa9ffd3e,5,18
fa9ffd3e,6,5
fa9ffd3e,7,80
fa9ffd3e,8,67
fa9ffd3e,9,55
1d8173e2,0,82
1d8173e2,1,53
1d8173e2,2,24
1d8173e2,3,82
1d8173e2,4,49
1d8173e2,5,15
1d8173e2,6,82
1d8173e2,7,43
1d8173e2,8,10
1d8173e2,9,82
0a175cd8,0,62
0a175cd8,1,52
0a175cd8,2,43
0a175cd8,3,33
0a175cd8,4,23
0a175cd8,5,13
0a175cd8,6,4
0a175cd8,7,62
0a175cd8,8,51
0a175cd8,9,42
b29b68d9,0,71
b29b68d9,1,57
b29b68d9,2,44
b29b68d9,3,31
b29b68d9,4,19
b29b68d9,5,6
b29b68d9,6,71
b29b68d9,7,58
b29b68d9,8,44
b29b68d9,9,30
646d6eec,0,88
646d6eec,1,74
646d6eec,2,61
646d6eec,3,48
646d6eec,4,35
646d6eec,5,21
646d6eec,6,8
646d6eec,7,88
646d6eec,8,75
646d6eec,9,61
91c680c1,0,81
91c680c1,1,42
91c680c1,2,12
91c680c1,3,81
91c680c1,4,49
91c680c1,5,10
91c680c1,6,81
91c680c1,7,52
91c680c1,8,18
91c680c1,9,81
506bc648,0,52
506bc648,1,37
506bc648,2,23
506bc648,3,6
506bc648,4,52
506bc648,5,38
506bc648,6,25
506bc648,7,8
506bc648,8,52
506bc648,9,38
f18edefa,0,91
f18edefa,1,71
f18edefa,2,52
f18edefa,3,33
f18edefa,4,15
f18edefa,5,91
f18edefa,6,72
f18edefa,7,52
f18edefa,8,29
f18edefa,9,6
eedd2370,0,80
eedd2370,1,63
eedd2370,2,43
eedd2370,3,25
eedd2370,4,5
eedd2370,5,80
eedd2370,6,63
eedd2370,7,43
eedd2370,8,26
eedd2370,9,8
48f2c191,0,85
48f2c191,1,65
48f2c191,2,46
48f2c191,3,25
48f2c191,4,6
48f2c191,5,85
48f2c191,6,67
48f2c191,7,48
48f2c191,8,28
48f2c191,9,10
700fac6e,0,63
700fac6e,1,42
700fac6e,2,26
700fac6e,3,9
700fac6e,4,63
700fac6e,5,45
700fac6e,6,26
700fac6e,7,8
700fac6e,8,63
700fac6e,9,47
59faaa60,0,77
59faaa60,1,41
59faaa60,2,12
59faaa60,3,77
59faaa60,4,44
59faaa60,5,18
59faaa60,6,77
59faaa60,7,49
59faaa60,8,21
59faaa60,9,77
df19cf28,0,54
df19cf28,1,36
df19cf28,2,19
df19cf28,3,3
df19cf28,4,54
df19cf28,5,39
df19cf28,6,23
df19cf28,7,7
df19cf28,8,54
df19cf28,9,38
611e5a96,0,66
611e5a96,1,56
611e5a96,2,46
611e5a96,3,36
611e5a96,4,26
611e5a96,5,16
611e5a96,6,5
611e5a96,7,66
611e5a96,8,56
611e5a96,9,45
b6fcdf81,0,80
b6fcdf81,1,52
b6fcdf81,2,15
b6fcdf81,3,80
b6fcdf81,4,45
b6fcdf81,5,17
b6fcdf81,6,80
b6fcdf81,7,47
b6fcdf81,8,20
b6fcdf81,9,80
00d8bd2c,0,58
00d8bd2c,1,29
00d8bd2c,2,7
00d8bd2c,3,58
00d8bd2c,4,37
00d8bd2c,5,14
00d8bd2c,6,58
00d8bd2c,7,34
00d8bd2c,8,8
00d8bd2c,9,58
14d7060a,0,95
14d7060a,1,79
14d7060a,2,65
14d7060a,3,51
14d7060a,4,36
14d7060a,5,22
14d7060a,6,7
14d7060a,7,95
14d7060a,8,80
14d7060a,9,67
942ab668,0,69
942ab668,1,42
942ab668,2,17
942ab668,3,69
942ab668,4,41
942ab668,5,16
942ab668,6,69
942ab668,7,37
942ab668,8,13
942ab668,9,69
e0d069ac,0,99
e0d069ac,1,77
e0d069ac,2,53
e0d069ac,3,31
e0d069ac,4,9
e0d069ac,5,99
e0d069ac,6,76
e0d069ac,7,56
e0d069ac,8,35
e0d069ac,9,12
228dac52,0,74
228dac52,1,56
228dac52,2,41
228dac52,3,23
228dac52,4,6
228dac52,5,74
228dac52,6,58
228dac52,7,39
228dac52,8,22
228dac52,9,6
152f7f4d,0,54
152f7f4d,1,42
152f7f4d,2,31
152f7f4d,3,20
152f7f4d,4,7
152f7f4d,5,54
152f7f4d,6,42
152f7f4d,7,31
152f7f4d,8,18
152f7f4d,9,6
3da8dcd8,0,74
3da8dcd8,1,53
3da8dcd8,2,33
3da8dcd8,3,11
3da8dcd8,4,74
3da8dcd8,5,49
3da8dcd8,6,29
3da8dcd8,7,8
3da8dcd8,8,74
3da8dcd8,9,52
617324de,0,59
617324de,1,30
617324de,2,6
617324de,3,59
617324de,4,36
617324de,5,13
617324de,6,59
617324de,7,38
617324de,8,9
617324de,9,59
d40c5c77,0,83
d40c5c77,1,66
d40c5c77,2,50
d40c5c77,3,35
d40c5c77,4,20
d40c5c77,5,3
d40c5c77,6,83
d40c5c77,7,67
d40c5c77,8,53
d40c5c77,9,38
e521aec3,0,89
e521aec3,1,50
e521aec3,2,16
e521aec3,3,89
e521aec3,4,56
e521aec3,5,25
e521aec3,6,89
e521aec3,7,50
e521aec3,8,17
e521aec3,9,89
28aade15,0,87
28aade15,1,71
28aade15,2,55
28aade15,3,38
28aade15,4,21
28aade15,5,6
28aade15,6,87
28aade15,7,72
28aade15,8,57
28aade15,9,42
d0b65184,0,61
d0b65184,1,49
d0b65184,2,38
d0b65184,3,27
d0b65184,4,16
d0b65184,5,5
d0b65184,6,61
d0b65184,7,50
d0b65184,8,39
d0b65184,9,28
11fe741f,0,53
11fe741f,1,29
11fe741f,2,9
11fe741f,3,53
11fe741f,4,30
11fe741f,5,7
11fe741f,6,53
11fe741f,7,34
11fe741f,8,15
11fe741f,9,53
3f819edb,0,77
3f819edb,1,55
3f819edb,2,32
3f819edb,3,13
3f819edb,4,77
3f819edb,5,53
3f819edb,6,30
3f819edb,7,4
3f819edb,8,77
3f819edb,9,56
06e0e836,0,78
06e0e836,1,59
06e0e836,2,42
06e0e836,3,24
06e0e836,4,8
06e0e836,5,78
06e0e836,6,58
06e0e836,7,41
06e0e836,8,22
06e0e836,9,6
0e9ec5fb,0,92
0e9ec5fb,1,69
0e9ec5fb,2,48
0e9ec5fb,3,25
0e9ec5fb,4,4
0e9ec5fb,5,92
0e9ec5fb,6,72
0e9ec5fb,7,50
0e9ec5fb,8,30
0e9ec5fb,9,9
3f706890,0,98
3f706890,1,70
3f706890,2,45
3f706890,3,18
3f706890,4,98
3f706890,5,67
3f706890,6,38
3f706890,7,11
3f706890,8,98
3f706890,9,72
7318f5b4,0,96
7318f5b4,1,68
7318f5b4,2,37
7318f5b4,3,10
7318f5b4,4,96
7318f5b4,5,65
7318f5b4,6,38
7318f5b4,7,7
7318f5b4,8,96
7318f5b4,9,64
803adfd7,0,76
803adfd7,1,58
803adfd7,2,42
803adfd7,3,23
803adfd7,4,7
803adfd7,5,76
803adfd7,6,60
803adfd7,7,44
803adfd7,8,28
803adfd7,9,10
77250fc5,0,60
77250fc5,1,40
77250fc5,2,21
77250fc5,3,6
77250fc5,4,60
77250fc5,5,40
77250fc5,6,24
77250fc5,7,7
77250fc5,8,60
77250fc5,9,42
03c0a58d,0,52
03c0a58d,1,34
03c0a58d,2,17
03c0a58d,3,4
03c0a58d,4,52
03c0a58d,5,37
03c0a58d,6,20
03c0a58d,7,6
03c0a58d,8,52
03c0a58d,9,37
f58c2344,0,68
f58c2344,1,43
f58c2344,2,20
f58c2344,3,68
f58c2344,4,39
f58c2344,5,5
f58c2344,6,68
f58c2344,7,40
f58c2344,8,10
f58c2344,9,68
717d8381,0,67
717d8381,1,48
717d8381,2,30
717d8381,3,11
717d8381,4,67
717d8381,5,46
717d8381,6,27
717d8381,7,6
717d8381,8,67
717d8381,9,47
1314bdf5,0,68
1314bdf5,1,35
1314bdf5,2,8
1314bdf5,3,68
1314bdf5,4,45
1314bdf5,5,19
1314bdf5,6,68
1314bdf5,7,40
1314bdf5,8,15
1314bdf5,9,68
e632f125,0,69
e632f125,1,58
e632f125,2,48
e632f125,3,38
e632f125,4,27
e632f125,5,16
e632f125,6,5
e632f125,7,69
e632f125,8,57
e632f125,9,46
fe18b93a,0,82
fe18b93a,1,63
fe18b93a,2,45
fe18b93a,3,29
fe18b93a,4,9
fe18b93a,5,82
fe18b93a,6,65
fe18b93a,7,45
fe18b93a,8,25
fe18b93a,9,8
d663a158,0,77
d663a158,1,60
d663a158,2,42
d663a158,3,24
d663a158,4,7
d663a158,5,77
d663a158,6,61
d663a158,7,45
d663a158,8,26
d663a158,9,10
48ef8df1,0,61
48ef8df1,1,45
48ef8df1,2,28
48ef8df1,3,10
48ef8df1,4,61
48ef8df1,5,41
48ef8df1,6,21
48ef8df1,7,2
48ef8df1,8,61
48ef8df1,9,44
bb3cd20a,0,51
bb3cd20a,1,42
bb3cd20a,2,35
bb3cd20a,3,27
bb3cd20a,4,20
bb3cd20a,5,11
bb3cd20a,6,4
bb3cd20a,7,51
bb3cd20a,8,43
bb3cd20a,9,35
58a0452c,0,65
58a0452c,1,51
58a0452c,2,36
58a0452c,3,23
58a0452c,4,7
58a0452c,5,65
58a0452c,6,50
58a0452c,7,36
58a0452c,8,22
58a0452c,9,9
5d11859f,0,65
5d11859f,1,45
5d11859f,2,24
5d11859f,3,8
5d11859f,4,65
5d11859f,5,43
5d11859f,6,26
5d11859f,7,7
5d11859f,8,65
5d11859f,9,45
1b8d27ba,0,75
1b8d27ba,1,58
1b8d27ba,2,43
1b8d27ba,3,25
1b8d27ba,4,10
1b8d27ba,5,75
1b8d27ba,6,58
1b8d27ba,7,43
1b8d27ba,8,27
1b8d27ba,9,11
bb6e4052,0,50
bb6e4052,1,42
bb6e4052,2,34
bb6e4052,3,26
bb6e4052,4,18
bb6e4052,5,10
bb6e4052,6,3
bb6e4052,7,50
bb6e4052,8,41
bb6e4052,9,34
c058092e,0,76
c058092e,1,58
c058092e,2,39
c058092e,3,24
c058092e,4,7
c058092e,5,76
c058092e,6,60
c058092e,7,43
c058092e,8,27
c058092e,9,10
385819e3,0,61
385819e3,1,50
385819e3,2,42
385819e3,3,32
385819e3,4,23
385819e3,5,13
385819e3,6,4
385819e3,7,61
385819e3,8,51
385819e3,9,42
806c111d,0,92
806c111d,1,70
806c111d,2,51
806c111d,3,32
806c111d,4,12
806c111d,5,92
806c111d,6,69
806c111d,7,51
806c111d,8,29
806c111d,9,6
941f4f3c,0,86
941f4f3c,1,70
941f4f3c,2,55
941f4f3c,3,39
941f4f3c,4,24
941f4f3c,5,9
941f4f3c,6,86
941f4f3c,7,71
941f4f3c,8,54
941f4f3c,9,37
68f83e40,0,62
68f83e40,1,52
68f83e40,2,43
68f83e40,3,34
68f83e40,4,24
68f83e40,5,14
68f83e40,6,4
68f83e40,7,62
68f83e40,8,52
68f83e40,9,42
93dec63e,0,75
93dec63e,1,62
93dec63e,2,47
93dec63e,3,34
93dec63e,4,20
93dec63e,5,6
93dec63e,6,75
93dec63e,7,62
93dec63e,8,48
93dec63e,9,35
24e76bd9,0,72
24e76bd9,1,59
24e76bd9,2,46
24e76bd9,3,34
24e76bd9,4,22
24e76bd9,5,8
24e76bd9,6,72
24e76bd9,7,58
24e76bd9,8,46
24e76bd9,9,31
eb0d3314,0,77
eb0d3314,1,64
eb0d3314,2,51
eb0d3314,3,38
eb0d3314,4,26
eb0d3314,5,14
eb0d3314,6,1
eb0d3314,7,77
eb0d3314,8,65
eb0d3314,9,53
01c9e99b,0,54
01c9e99b,1,37
01c9e99b,2,21
01c9e99b,3,6
01c9e99b,4,54
01c9e99b,5,38
01c9e99b,6,24
01c9e99b,7,7
01c9e99b,8,54
01c9e99b,9,39
57fc5944,0,68
57fc5944,1,52
57fc5944,2,36
57fc5944,3,19
57fc5944,4,4
57fc5944,5,68
57fc5944,6,52
57fc5944,7,38
57fc5944,8,22
57fc5944,9,5
0a769692,0,96
0a769692,1,72
0a769692,2,50
0a769692,3,30
0a769692,4,8
0a769692,5,96
0a769692,6,74
0a769692,7,54
0a769692,8,35
0a769692,9,11
6a960101,0,88
6a960101,1,55
6a960101,2,25
6a960101,3,88
6a960101,4,49
6a960101,5,8
6a960101,6,88
6a960101,7,57
6a960101,8,20
6a960101,9,88
56a29025,0,56
56a29025,1,47
56a29025,2,39
56a29025,3,31
56a29025,4,22
56a29025,5,13
56a29025,6,5
56a29025,7,56
56a29025,8,46
56a29025,9,38
aaa60b43,0,64
aaa60b43,1,40
aaa60b43,2,18
aaa60b43,3,64
aaa60b43,4,37
aaa60b43,5,13
aaa60b43,6,64
aaa60b43,7,42
aaa60b43,8,20
aaa60b43,9,64
45c9033a,0,94
45c9033a,1,64
45c9033a,2,36
45c9033a,3,9
45c9033a,4,94
45c9033a,5,69
45c9033a,6,45
45c9033a,7,18
45c9033a,8,94
45c9033a,9,67
76498aee,0,58
76498aee,1,48
76498aee,2,40
76498aee,3,30
76498aee,4,22
76498aee,5,13
76498aee,6,5
76498aee,7,58
76498aee,8,48
76498aee,9,39
7aff1ba1,0,51
7aff1ba1,1,40
7aff1ba1,2,29
7aff1ba1,3,17
7aff1ba1,4,5
7aff1ba1,5,51
7aff1ba1,6,38
7aff1ba1,7,25
7aff1ba1,8,15
7aff1ba1,9,3
a4417f76,0,94
a4417f76,1,80
a4417f76,2,65
a4417f76,3,52
a4417f76,4,36
a4417f76,5,21
a4417f76,6,6
a4417f76,7,94
a4417f76,8,80
a4417f76,9,64
2be640c9,0,67
2be640c9,1,56
2be640c9,2,46
2be640c9,3,36
2be640c9,4,25
2be640c9,5,14
2be640c9,6,4
2be640c9,7,67
2be640c9,8,56
2be640c9,9,45
161071df,0,80
161071df,1,63
161071df,2,47
161071df,3,29
161071df,4,13
161071df,5,80
161071df,6,61
161071df,7,42
161071df,8,23
161071df,9,6
e41a82e3,0,55
e41a82e3,1,44
e41a82e3,2,34
e41a82e3,3,24
e41a82e3,4,14
e41a82e3,5,4
e41a82e3,6,55
e41a82e3,7,45
e41a82e3,8,35
e41a82e3,9,26
aab3df9b,0,95
aab3df9b,1,80
aab3df9b,2,66
aab3df9b,3,51
aab3df9b,4,37
aab3df9b,5,23
aab3df9b,6,8
aab3df9b,7,95
aab3df9b,8,79
aab3df9b,9,65
f74d4717,0,67
f74d4717,1,47
f74d4717,2,27
f74d4717,3,9
f74d4717,4,67
f74d4717,5,47
f74d4717,6,28
f74d4717,7,6
f74d4717,8,67
f74d4717,9,46
ff66ca02,0,99
ff66ca02,1,53
ff66ca02,2,4
ff66ca02,3,99
ff66ca02,4,50
ff66ca02,5,11
ff66ca02,6,99
ff66ca02,7,59
ff66ca02,8,24
ff66ca02,9,99
664177f7,0,78
664177f7,1,65
664177f7,2,54
664177f7,3,42
664177f7,4,31
664177f7,5,18
664177f7,6,6
664177f7,7,78
664177f7,8,66
664177f7,9,54
22b840c3,0,92
22b840c3,1,49
22b840c3,2,11
22b840c3,3,92
22b840c3,4,54
22b840c3,5,17
22b840c3,6,92
22b840c3,7,59
22b840c3,8,20
22b840c3,9,92
4d054b20,0,83
4d054b20,1,52
4d054b20,2,17
4d054b20,3,83
4d054b20,4,52
4d054b20,5,24
4d054b20,6,83
4d054b20,7,54
4d054b20,8,25
4d054b20,9,83
ff5e0afa,0,60
ff5e0afa,1,49
ff5e0afa,2,38
ff5e0afa,3,27
ff5e0afa,4,17
ff5e0afa,5,6
ff5e0afa,6,60
ff5e0afa,7,48
ff5e0afa,8,37
ff5e0afa,9,27
1f1ee666,0,57
1f1ee666,1,32
1f1ee666,2,5
1f1ee666,3,57
1f1ee666,4,32
1f1ee666,5,12
1f1ee666,6,57
1f1ee666,7,31
1f1ee666,8,11
1f1ee666,9,57
562cdd2b,0,71
562cdd2b,1,46
562cdd2b,2,21
562cdd2b,3,71
562cdd2b,4,38
562cdd2b,5,6
562cdd2b,6,71
562cdd2b,7,43
562cdd2b,8,19
562cdd2b,9,71
2363ff07,0,98
2363ff07,1,51
2363ff07,2,7
2363ff07,3,98
2363ff07,4,60
2363ff07,5,28
2363ff07,6,98
2363ff07,7,64
2363ff07,8,27
2363ff07,9,98
1ae5f8a0,0,96
1ae5f8a0,1,71
1ae5f8a0,2,47
1ae5f8a0,3,19
1ae5f8a0,4,96
1ae5f8a0,5,65
1ae5f8a0,6,33
1ae5f8a0,7,6
1ae5f8a0,8,96
1ae5f8a0,9,71
1ec86c99,0,71
1ec86c99,1,59
1ec86c99,2,48
1ec86c99,3,37
1ec86c99,4,27
1ec86c99,5,16
1ec86c99,6,5
1ec86c99,7,71
1ec86c99,8,60
1ec86c99,9,50
246af5be,0,96
246af5be,1,76
246af5be,2,52
246af5be,3,31
246af5be,4,11
246af5be,5,96
246af5be,6,76
246af5be,7,54
246af5be,8,33
246af5be,9,13
c8feda6e,0,95
c8feda6e,1,59
c8feda6e,2,22
c8feda6e,3,95
c8feda6e,4,61
c8feda6e,5,24
c8feda6e,6,95
c8feda6e,7,55
c8feda6e,8,16
c8feda6e,9,95
80611d5b,0,64
80611d5b,1,37
80611d5b,2,6
80611d5b,3,64
80611d5b,4,41
80611d5b,5,16
80611d5b,6,64
80611d5b,7,33
80611d5b,8,10
80611d5b,9,64
f3ca19a7,0,79
f3ca19a7,1,65
f3ca19a7,2,52
f3ca19a7,3,37
f3ca19a7,4,22
f3ca19a7,5,8
f3ca19a7,6,79
f3ca19a7,7,64
f3ca19a7,8,49
f3ca19a7,9,34
fc66d88d,0,50
fc66d88d,1,40
fc66d88d,2,31
fc66d88d,3,23
fc66d88d,4,14
fc66d88d,5,5
fc66d88d,6,50
fc66d88d,7,40
fc66d88d,8,31
fc66d88d,9,22
5714ea63,0,85
5714ea63,1,49
5714ea63,2,17
5714ea63,3,85
5714ea63,4,43
5714ea63,5,11
5714ea63,6,85
5714ea63,7,48
5714ea63,8,7
5714ea63,9,85
2463c792,0,79
2463c792,1,60
2463c792,2,44
2463c792,3,27
2463c792,4,8
2463c792,5,79
2463c792,6,60
2463c792,7,42
2463c792,8,26
2463c792,9,10
b263f6ee,0,83
b263f6ee,1,61
b263f6ee,2,35
b263f6ee,3,13
b263f6ee,4,83
b263f6ee,5,59
b263f6ee,6,35
b263f6ee,7,13
b263f6ee,8,83
b263f6ee,9,56
8e3021b4,0,63
8e3021b4,1,47
8e3021b4,2,33
8e3021b4,3,18
8e3021b4,4,4
8e3021b4,5,63
8e3021b4,6,48
8e3021b4,7,32
8e3021b4,8,18
8e3021b4,9,2
2feb48f8,0,51
2feb48f8,1,42
2feb48f8,2,33
2feb48f8,3,23
2feb48f8,4,12
2feb48f8,5,4
2feb48f8,6,51
2feb48f8,7,40
2feb48f8,8,31
2feb48f8,9,22
a003d4dd,0,77
a003d4dd,1,45
a003d4dd,2,17
a003d4dd,3,77
a003d4dd,4,48
a003d4dd,5,22
a003d4dd,6,77
a003d4dd,7,48
a003d4dd,8,20
a003d4dd,9,77
b482910a,0,81
b482910a,1,67
b482910a,2,53
b482910a,3,38
b482910a,4,22
b482910a,5,8
b482910a,6,81
b482910a,7,66
b482910a,8,49
b482910a,9,35
2a81cc2a,0,84
2a81cc2a,1,54
2a81cc2a,2,21
2a81cc2a,3,84
2a81cc2a,4,53
2a81cc2a,5,11
2a81cc2a,6,84
2a81cc2a,7,55
2a81cc2a,8,25
2a81cc2a,9,84
45299e54,0,91
45299e54,1,71
45299e54,2,52
45299e54,3,33
45299e54,4,14
45299e54,5,91
45299e54,6,69
45299e54,7,48
45299e54,8,29
45299e54,9,9
b4b0641f,0,98
b4b0641f,1,82
b4b0641f,2,67
b4b0641f,3,52
b4b0641f,4,36
b4b0641f,5,21
b4b0641f,6,5
b4b0641f,7,98
b4b0641f,8,81
b4b0641f,9,66
88f707d1,0,93
88f707d1,1,53
88f707d1,2,21
88f707d1,3,93
88f707d1,4,57
88f707d1,5,25
88f707d1,6,93
88f707d1,7,46
88f707d1,8,11
88f707d1,9,93
4f525b17,0,67
4f525b17,1,57
4f525b17,2,46
4f525b17,3,35
4f525b17,4,24
4f525b17,5,14
4f525b17,6,4
4f525b17,7,67
4f525b17,8,56
4f525b17,9,45
039e1e83,0,77
039e1e83,1,45
039e1e83,2,11
039e1e83,3,77
039e1e83,4,39
039e1e83,5,7
039e1e83,6,77
039e1e83,7,46
039e1e83,8,9
039e1e83,9,77
c79eb754,0,50
c79eb754,1,35
c79eb754,2,22
c79eb754,3,10
c79eb754,4,50
c79eb754,5,35
c79eb754,6,21
c79eb754,7,7
c79eb754,8,50
c79eb754,9,35
afb8b930,0,85
afb8b930,1,71
afb8b930,2,58
afb8b930,3,45
afb8b930,4,31
afb8b930,5,18
afb8b930,6,6
afb8b930,7,85
afb8b930,8,72
afb8b930,9,60
98acfc3a,0,62
98acfc3a,1,52
98acfc3a,2,43
98acfc3a,3,33
98acfc3a,4,24
98acfc3a,5,14
98acfc3a,6,4
98acfc3a,7,62
98acfc3a,8,51
98acfc3a,9,43
4189c9a1,0,94
4189c9a1,1,76
4189c9a1,2,57
4189c9a1,3,39
4189c9a1,4,21
4189c9a1,5,3
4189c9a1,6,94
4189c9a1,7,75
4189c9a1,8,58
4189c9a1,9,42
b0738efa,0,92
b0738efa,1,74
b0738efa,2,59
b0738efa,3,41
b0738efa,4,25
b0738efa,5,9
b0738efa,6,92
b0738efa,7,76
b0738efa,8,60
b0738efa,9,43
b1d3bf84,0,76
b1d3bf84,1,64
b1d3bf84,2,52
b1d3bf84,3,41
b1d3bf84,4,30
b1d3bf84,5,18
b1d3bf84,6,8
b1d3bf84,7,76
b1d3bf84,8,64
b1d3bf84,9,52
b6fc5079,0,97
b6fc5079,1,76
b6fc5079,2,54
b6fc5079,3,31
b6fc5079,4,8
b6fc5079,5,97
b6fc5079,6,75
b6fc5079,7,54
b6fc5079,8,32
b6fc5079,9,11
f93ce735,0,72
f93ce735,1,57
f93ce735,2,41
f93ce735,3,24
f93ce735,4,7
f93ce735,5,72
f93ce735,6,56
f93ce735,7,41
f93ce735,8,24
f93ce735,9,10
396fab77,0,89
396fab77,1,61
396fab77,2,34
396fab77,3,10
396fab77,4,89
396fab77,5,60
396fab77,6,35
396fab77,7,10
396fab77,8,89
396fab77,9,65
37fec22f,0,82
37fec22f,1,64
37fec22f,2,46
37fec22f,3,30
37fec22f,4,11
37fec22f,5,82
37fec22f,6,64
37fec22f,7,47
37fec22f,8,27
37fec22f,9,8
10b9bccf,0,71
10b9bccf,1,54
10b9bccf,2,37
10b9bccf,3,20
10b9bccf,4,4
10b9bccf,5,71
10b9bccf,6,54
10b9bccf,7,39
10b9bccf,8,24
10b9bccf,9,9
d03ce857,0,97
d03ce857,1,67
d03ce857,2,38
d03ce857,3,9
d03ce857,4,97
d03ce857,5,70
d03ce857,6,41
d03ce857,7,10
d03ce857,8,97
d03ce857,9,67
9b5787ce,0,55
9b5787ce,1,41
9b5787ce,2,26
9b5787ce,3,12
9b5787ce,4,55
9b5787ce,5,36
9b5787ce,6,19
9b5787ce,7,2
9b5787ce,8,55
9b5787ce,9,40
46b62a55,0,66
46b62a55,1,50
46b62a55,2,34
46b62a55,3,20
46b62a55,4,6
46b62a55,5,66
46b62a55,6,52
46b62a55,7,37
46b62a55,8,24
46b62a55,9,9
4636c0af,0,73
4636c0af,1,61
4636c0af,2,50
4636c0af,3,38
4636c0af,4,27
4636c0af,5,15
4636c0af,6,4
4636c0af,7,73
4636c0af,8,61
4636c0af,9,49
db3e1e37,0,98
db3e1e37,1,82
db3e1e37,2,68
db3e1e37,3,53
db3e1e37,4,38
db3e1e37,5,22
db3e1e37,6,6
db3e1e37,7,98
db3e1e37,8,83
db3e1e37,9,68
3f7c06f3,0,83
3f7c06f3,1,69
3f7c06f3,2,54
3f7c06f3,3,39
3f7c06f3,4,24
3f7c06f3,5,10
3f7c06f3,6,83
3f7c06f3,7,66
3f7c06f3,8,51
3f7c06f3,9,37
cfc64575,0,85
cfc64575,1,64
cfc64575,2,45
cfc64575,3,26
cfc64575,4,8
cfc64575,5,85
cfc64575,6,66
cfc64575,7,47
cfc64575,8,29
cfc64575,9,10
2b1a7abe,0,55
2b1a7abe,1,34
2b1a7abe,2,11
2b1a7abe,3,55
2b1a7abe,4,32
2b1a7abe,5,12
2b1a7abe,6,55
2b1a7abe,7,30
2b1a7abe,8,7
2b1a7abe,9,55
9362ab42,0,96
9362ab42,1,81
9362ab42,2,66
9362ab42,3,50
9362ab42,4,35
9362ab42,5,22
9362ab42,6,6
9362ab42,7,96
9362ab42,8,81
9362ab42,9,67
dacb5f9a,0,57
dacb5f9a,1,29
dacb5f9a,2,5
dacb5f9a,3,57
dacb5f9a,4,29
dacb5f9a,5,8
dacb5f9a,6,57
dacb5f9a,7,33
dacb5f9a,8,8
dacb5f9a,9,57
93aba90b,0,69
93aba90b,1,56
93aba90b,2,45
93aba90b,3,31
93aba90b,4,19
93aba90b,5,7
93aba90b,6,69
93aba90b,7,56
93aba90b,8,44
93aba90b,9,30
9ace2ce0,0,65
9ace2ce0,1,44
9ace2ce0,2,27
9ace2ce0,3,6
9ace2ce0,4,65
9ace2ce0,5,46
9ace2ce0,6,27
9ace2ce0,7,6
9ace2ce0,8,65
9ace2ce0,9,48
e643dea7,0,55
e643dea7,1,34
e643dea7,2,14
e643dea7,3,55
e643dea7,4,30
e643dea7,5,10
e643dea7,6,55
e643dea7,7,33
e643dea7,8,6
e643dea7,9,55
4c5789d6,0,62
4c5789d6,1,52
4c5789d6,2,42
4c5789d6,3,32
4c5789d6,4,23
4c5789d6,5,14
4c5789d6,6,4
4c5789d6,7,62
4c5789d6,8,52
4c5789d6,9,42
7ed7395a,0,69
7ed7395a,1,48
7ed7395a,2,27
7ed7395a,3,9
7ed7395a,4,69
7ed7395a,5,46
7ed7395a,6,29
7ed7395a,7,8
7ed7395a,8,69
7ed7395a,9,49
97cebd89,0,73
97cebd89,1,60
97cebd89,2,46
97cebd89,3,31
97cebd89,4,19
97cebd89,5,4
97cebd89,6,73
97cebd89,7,60
97cebd89,8,46
97cebd89,9,32
de09dd80,0,57
de09dd80,1,40
de09dd80,2,21
de09dd80,3,6
de09dd80,4,57
de09dd80,5,40
de09dd80,6,23
de09dd80,7,5
de09dd80,8,57
de09dd80,9,40
b1ae4e7d,0,76
b1ae4e7d,1,44
b1ae4e7d,2,18
b1ae4e7d,3,76
b1ae4e7d,4,44
b1ae4e7d,5,13
b1ae4e7d,6,76
b1ae4e7d,7,46
b1ae4e7d,8,13
b1ae4e7d,9,76
9a8a975b,0,84
9a8a975b,1,71
9a8a975b,2,59
9a8a975b,3,46
9a8a975b,4,33
9a8a975b,5,20
9a8a975b,6,8
9a8a975b,7,84
9a8a975b,8,70
9a8a975b,9,57
cdbf1e8a,0,69
cdbf1e8a,1,38
cdbf1e8a,2,14
cdbf1e8a,3,69
cdbf1e8a,4,39
cdbf1e8a,5,12
cdbf1e8a,6,69
cdbf1e8a,7,42
cdbf1e8a,8,15
cdbf1e8a,9,69
a86fcf29,0,62
a86fcf29,1,49
a86fcf29,2,34
a86fcf29,3,21
a86fcf29,4,7
a86fcf29,5,62
a86fcf29,6,47
a86fcf29,7,32
a86fcf29,8,18
a86fcf29,9,4
1f467ced,0,91
1f467ced,1,77
1f467ced,2,64
1f467ced,3,49
1f467ced,4,36
1f467ced,5,21
1f467ced,6,7
1f467ced,7,91
1f467ced,8,76
1f467ced,9,61
ffa259fc,0,64
ffa259fc,1,41
ffa259fc,2,14
ffa259fc,3,64
ffa259fc,4,37
ffa259fc,5,13
ffa259fc,6,64
ffa259fc,7,37
ffa259fc,8,13
ffa259fc,9,64
1beacece,0,93
1beacece,1,58
1beacece,2,13
1beacece,3,93
1beacece,4,53
1beacece,5,11
1beacece,6,93
1beacece,7,57
1beacece,8,16
1beacece,9,93
ecdd8998,0,92
ecdd8998,1,71
ecdd8998,2,49
ecdd8998,3,29
ecdd8998,4,9
ecdd8998,5,92
ecdd8998,6,69
ecdd8998,7,47
ecdd8998,8,27
ecdd8998,9,6
fbdf3bad,0,96
fbdf3bad,1,78
fbdf3bad,2,61
fbdf3bad,3,44
fbdf3bad,4,28
fbdf3bad,5,10
fbdf3bad,6,96
fbdf3bad,7,79
fbdf3bad,8,62
fbdf3bad,9,45
3fa8ca4a,0,53
3fa8ca4a,1,43
3fa8ca4a,2,33
3fa8ca4a,3,24
3fa8ca4a,4,14
3fa8ca4a,5,4
3fa8ca4a,6,53
3fa8ca4a,7,42
3fa8ca4a,8,32
3fa8ca4a,9,22
4be49ee2,0,66
4be49ee2,1,42
4be49ee2,2,15
4be49ee2,3,66
4be49ee2,4,42
4be49ee2,5,15
4be49ee2,6,66
4be49ee2,7,35
4be49ee2,8,9
4be49ee2,9,66
e3d4ef50,0,88
e3d4ef50,1,60
e3d4ef50,2,34
e3d4ef50,3,9
e3d4ef50,4,88
e3d4ef50,5,60
e3d4ef50,6,33
e3d4ef50,7,9
e3d4ef50,8,88
e3d4ef50,9,65
18950b9b,0,62
18950b9b,1,53
18950b9b,2,43
18950b9b,3,33
18950b9b,4,23
18950b9b,5,13
18950b9b,6,4
18950b9b,7,62
18950b9b,8,52
18950b9b,9,42
590bd3ab,0,94
590bd3ab,1,77
590bd3ab,2,61
590bd3ab,3,44
590bd3ab,4,27
590bd3ab,5,11
590bd3ab,6,94
590bd3ab,7,75
590bd3ab,8,59
590bd3ab,9,42
bc24ac2f,0,85
bc24ac2f,1,47
bc24ac2f,2,10
bc24ac2f,3,85
bc24ac2f,4,55
bc24ac2f,5,27
bc24ac2f,6,85
bc24ac2f,7,54
bc24ac2f,8,22
bc24ac2f,9,85
695dcedd,0,55
695dcedd,1,43
695dcedd,2,30
695dcedd,3,17
695dcedd,4,5
695dcedd,5,55
695dcedd,6,43
695dcedd,7,29
695dcedd,8,16
695dcedd,9,4
e5498a50,0,53
e5498a50,1,45
e5498a50,2,37
e5498a50,3,28
e5498a50,4,21
e5498a50,5,12
e5498a50,6,4
e5498a50,7,53
e5498a50,8,44
e5498a50,9,36
4c4dd970,0,78
4c4dd970,1,66
4c4dd970,2,53
4c4dd970,3,41
4c4dd970,4,29
4c4dd970,5,18
4c4dd970,6,5
4c4dd970,7,78
4c4dd970,8,65
4c4dd970,9,54
c77b549a,0,96
c77b549a,1,70
c77b549a,2,45
c77b549a,3,16
c77b549a,4,96
c77b549a,5,65
c77b549a,6,38
c77b549a,7,10
c77b549a,8,96
c77b549a,9,67
d2759867,0,96
d2759867,1,80
d2759867,2,65
d2759867,3,51
d2759867,4,35
d2759867,5,20
d2759867,6,6
d2759867,7,96
d2759867,8,80
d2759867,9,65
d540d1df,0,70
d540d1df,1,56
d540d1df,2,43
d540d1df,3,31
d540d1df,4,18
d540d1df,5,6
d540d1df,6,70
d540d1df,7,57
d540d1df,8,45
d540d1df,9,33
83819255,0,60
83819255,1,48
83819255,2,37
83819255,3,26
83819255,4,16
83819255,5,4
83819255,6,60
83819255,7,49
83819255,8,39
83819255,9,29
47fdf8e2,0,69
47fdf8e2,1,58
47fdf8e2,2,48
47fdf8e2,3,38
47fdf8e2,4,28
47fdf8e2,5,17
47fdf8e2,6,6
47fdf8e2,7,69
47fdf8e2,8,58
47fdf8e2,9,47
d54effff,0,53
d54effff,1,41
d54effff,2,29
d54effff,3,17
d54effff,4,5
d54effff,5,53
d54effff,6,40
d54effff,7,28
d54effff,8,16
d54effff,9,3
74a706ac,0,83
74a706ac,1,70
74a706ac,2,58
74a706ac,3,44
74a706ac,4,31
74a706ac,5,18
74a706ac,6,5
74a706ac,7,83
74a706ac,8,69
74a706ac,9,57
2fcf1c82,0,91
2fcf1c82,1,69
2fcf1c82,2,50
2fcf1c82,3,30
2fcf1c82,4,11
2fcf1c82,5,91
2fcf1c82,6,69
2fcf1c82,7,47
2fcf1c82,8,26
2fcf1c82,9,7
ab29b24e,0,85
ab29b24e,1,71
ab29b24e,2,57
ab29b24e,3,43
ab29b24e,4,30
ab29b24e,5,17
ab29b24e,6,2
ab29b24e,7,85
ab29b24e,8,71
ab29b24e,9,58
492635cc,0,96
492635cc,1,74
492635cc,2,53
492635cc,3,32
492635cc,4,9
492635cc,5,96
492635cc,6,72
492635cc,7,51
492635cc,8,29
492635cc,9,9
cb8e3732,0,91
cb8e3732,1,51
cb8e3732,2,6
cb8e3732,3,91
cb8e3732,4,51
cb8e3732,5,12
cb8e3732,6,91
cb8e3732,7,58
cb8e3732,8,15
cb8e3732,9,91
8eff4c90,0,98
8eff4c90,1,60
8eff4c90,2,17
8eff4c90,3,98
8eff4c90,4,64
8eff4c90,5,28
8eff4c90,6,98
8eff4c90,7,62
8eff4c90,8,22
8eff4c90,9,98
665a6ffa,0,92
665a6ffa,1,75
665a6ffa,2,58
665a6ffa,3,41
665a6ffa,4,25
665a6ffa,5,9
665a6ffa,6,92
665a6ffa,7,73
665a6ffa,8,56
665a6ffa,9,40
