product_id,day,quantity_sold,zipcode
d9a60969,0,26,18559
d9a60969,0,6,84613
d9a60969,1,27,60357
d9a60969,1,10,26275
d9a60969,1,12,56604
d9a60969,2,6,73157
d9a60969,3,18,72320
d9a60969,3,16,63675
d9a60969,3,14,28683
d9a60969,3,7,59220
d9a60969,4,13,52244
d9a60969,5,7,37714
d9a60969,6,28,56604
d9a60969,6,25,82876
d9a60969,6,5,68557
d9a60969,7,24,18559
d9a60969,7,25,84613
d9a60969,7,22,63675
d9a60969,8,16,37714
d9a60969,8,29,99483
d9a60969,9,13,41813
d9a60969,9,26,72320
d9a60969,9,16,32967
18804b02,0,8,28683
18804b02,0,18,26275
18804b02,0,27,99483
18804b02,0,20,52244
18804b02,1,19,68557
18804b02,1,6,59220
18804b02,1,23,18559
18804b02,1,7,26275
18804b02,2,24,63675
18804b02,2,20,84613
18804b02,3,28,68557
18804b02,4,13,99483
18804b02,5,26,56604
18804b02,6,22,28683
18804b02,6,25,68557
18804b02,6,6,32967
18804b02,6,7,99483
18804b02,7,13,56604
18804b02,7,25,52244
18804b02,7,12,32967
18804b02,7,11,37714
18804b02,8,7,26275
18804b02,8,25,26275
18804b02,8,6,26275
18804b02,9,23,84613
82bfb1bf,0,21,52244
82bfb1bf,1,11,73157
82bfb1bf,1,21,68557
82bfb1bf,1,12,32967
82bfb1bf,2,26,59220
82bfb1bf,3,10,56604
82bfb1bf,3,6,41813
82bfb1bf,3,11,18559
82bfb1bf,4,24,18559
82bfb1bf,4,19,18559
82bfb1bf,4,11,84613
82bfb1bf,4,6,28683
82bfb1bf,5,7,32967
82bfb1bf,5,14,94352
82bfb1bf,5,18,72320
82bfb1bf,5,22,72320
82bfb1bf,6,9,72320
82bfb1bf,7,6,28683
82bfb1bf,7,21,73157
82bfb1bf,7,12,94352
82bfb1bf,8,15,84613
82bfb1bf,8,29,41813
82bfb1bf,8,20,72320
82bfb1bf,8,18,72320
82bfb1bf,9,8,67573
0b50e66f,0,23,26275
0b50e66f,0,22,41813
0b50e66f,0,7,84613
0b50e66f,0,6,63675
0b50e66f,1,7,99483
0b50e66f,1,24,26980
0b50e66f,1,17,56604
0b50e66f,1,16,32967
0b50e66f,2,20,99483
0b50e66f,2,29,73157
0b50e66f,2,5,68557
0b50e66f,3,16,60357
0b50e66f,3,19,37714
0b50e66f,4,21,37714
0b50e66f,4,17,94352
0b50e66f,4,14,63675
0b50e66f,4,15,56604
0b50e66f,5,28,60357
0b50e66f,5,29,18559
0b50e66f,6,21,32967
0b50e66f,7,28,56604
0b50e66f,7,12,67573
0b50e66f,7,20,26980
0b50e66f,8,20,99483
0b50e66f,9,29,82876
0b50e66f,9,15,28683
0b50e66f,9,27,37714
04667f9c,0,6,67573
04667f9c,0,8,59220
04667f9c,1,25,84613
04667f9c,1,26,41813
04667f9c,1,22,37714
04667f9c,1,12,60357
04667f9c,2,22,60357
04667f9c,2,5,73157
04667f9c,2,8,72320
04667f9c,2,28,32967
04667f9c,3,24,82876
04667f9c,4,14,52244
04667f9c,5,12,63675
04667f9c,6,13,56604
04667f9c,7,16,37714
04667f9c,7,7,26275
04667f9c,7,9,82876
04667f9c,8,22,56604
04667f9c,8,14,52244
04667f9c,8,28,18559
04667f9c,8,14,73157
04667f9c,9,26,59220
04667f9c,9,24,84613
5409dc60,0,15,26275
5409dc60,0,26,56604
5409dc60,0,22,52244
5409dc60,0,7,99483
5409dc60,1,11,63675
5409dc60,1,22,72320
5409dc60,2,7,67573
5409dc60,2,21,73157
5409dc60,2,15,18559
5409dc60,3,22,26980
5409dc60,3,24,73157
5409dc60,3,21,63675
5409dc60,3,11,99483
5409dc60,4,24,60357
5409dc60,4,11,99483
5409dc60,5,22,26980
5409dc60,5,12,26980
5409dc60,5,29,18559
5409dc60,6,19,68557
5409dc60,6,9,32967
5409dc60,6,25,26275
5409dc60,7,19,26275
5409dc60,8,10,68557
5409dc60,8,20,94352
5409dc60,8,24,28683
5409dc60,9,29,32967
5409dc60,9,29,59220
5409dc60,9,5,60357
5409dc60,9,21,28683
0a3a7993,0,14,84613
0a3a7993,0,16,84613
0a3a7993,0,26,59220
0a3a7993,0,11,82876
0a3a7993,1,14,84613
0a3a7993,1,22,68557
0a3a7993,2,23,99483
0a3a7993,2,5,26275
0a3a7993,2,12,60357
0a3a7993,3,17,67573
0a3a7993,3,13,60357
0a3a7993,3,8,82876
0a3a7993,3,22,28683
0a3a7993,4,19,94352
0a3a7993,4,26,72320
0a3a7993,4,29,67573
0a3a7993,4,7,63675
0a3a7993,5,29,56604
0a3a7993,5,8,59220
0a3a7993,5,8,68557
0a3a7993,6,12,63675
0a3a7993,6,23,59220
0a3a7993,6,18,63675
0a3a7993,6,21,26275
0a3a7993,7,13,68557
0a3a7993,8,9,32967
0a3a7993,9,25,56604
0a3a7993,9,5,84613
0a3a7993,9,6,52244
456e0f12,0,12,26275
456e0f12,0,8,52244
456e0f12,1,26,67573
456e0f12,2,8,60357
456e0f12,2,5,37714
456e0f12,3,17,72320
456e0f12,4,28,67573
456e0f12,4,5,73157
456e0f12,4,9,59220
456e0f12,5,8,28683
456e0f12,5,22,52244
456e0f12,5,25,84613
456e0f12,6,13,60357
456e0f12,6,18,68557
456e0f12,7,29,72320
456e0f12,7,14,28683
456e0f12,7,11,56604
456e0f12,8,22,94352
456e0f12,8,29,94352
456e0f12,8,14,41813
456e0f12,8,26,72320
456e0f12,9,11,37714
456e0f12,9,14,26275
456e0f12,9,15,68557
c99e793f,0,24,72320
c99e793f,0,7,82876
c99e793f,1,27,73157
c99e793f,2,17,67573
c99e793f,3,8,94352
c99e793f,3,25,63675
c99e793f,4,19,32967
c99e793f,5,12,73157
c99e793f,5,11,26980
c99e793f,6,15,56604
c99e793f,6,21,68557
c99e793f,6,29,26980
c99e793f,7,24,94352
c99e793f,7,24,18559
c99e793f,7,6,26275
c99e793f,8,24,56604
c99e793f,9,27,84613
b65a3bc3,0,28,68557
b65a3bc3,0,15,73157
b65a3bc3,0,28,99483
b65a3bc3,0,18,82876
b65a3bc3,1,25,28683
b65a3bc3,1,8,26275
b65a3bc3,2,20,59220
b65a3bc3,2,23,18559
b65a3bc3,2,11,68557
b65a3bc3,2,21,67573
b65a3bc3,3,12,32967
b65a3bc3,4,27,59220
b65a3bc3,4,23,52244
b65a3bc3,4,24,72320
b65a3bc3,4,28,18559
b65a3bc3,5,19,26275
b65a3bc3,6,20,28683
b65a3bc3,6,10,28683
b65a3bc3,7,13,52244
b65a3bc3,7,8,94352
b65a3bc3,8,28,73157
b65a3bc3,9,21,60357
b65a3bc3,9,28,73157
dca675c4,0,18,26980
dca675c4,0,29,63675
dca675c4,1,19,26980
dca675c4,1,25,32967
dca675c4,2,17,73157
dca675c4,3,25,68557
dca675c4,3,22,18559
dca675c4,3,18,94352
dca675c4,4,23,28683
dca675c4,4,21,52244
dca675c4,4,7,26980
dca675c4,4,23,60357
dca675c4,5,23,72320
dca675c4,5,15,60357
dca675c4,6,27,59220
dca675c4,7,10,68557
dca675c4,7,22,28683
dca675c4,7,23,28683
dca675c4,8,13,56604
dca675c4,8,15,72320
dca675c4,9,11,68557
dca675c4,9,28,99483
dca675c4,9,18,60357
dca675c4,9,8,18559
e0b0a92f,0,21,59220
e0b0a92f,0,13,84613
e0b0a92f,1,15,72320
e0b0a92f,1,19,94352
e0b0a92f,1,16,56604
e0b0a92f,2,14,32967
e0b0a92f,2,20,37714
e0b0a92f,3,14,60357
e0b0a92f,3,24,28683
e0b0a92f,3,27,94352
e0b0a92f,3,15,56604
e0b0a92f,4,12,32967
e0b0a92f,4,7,37714
e0b0a92f,4,11,99483
e0b0a92f,4,7,82876
e0b0a92f,5,24,28683
e0b0a92f,5,24,82876
e0b0a92f,5,11,18559
e0b0a92f,5,13,72320
e0b0a92f,6,5,60357
e0b0a92f,6,16,94352
e0b0a92f,6,13,37714
e0b0a92f,6,14,56604
e0b0a92f,7,25,32967
e0b0a92f,7,17,59220
e0b0a92f,8,6,63675
e0b0a92f,8,15,84613
e0b0a92f,8,10,18559
e0b0a92f,9,7,99483
e0b0a92f,9,18,99483
e0b0a92f,9,8,72320
c9594ba1,0,27,56604
c9594ba1,0,18,63675
c9594ba1,0,7,67573
c9594ba1,1,21,84613
c9594ba1,1,23,26980
c9594ba1,2,27,59220
c9594ba1,3,19,99483
c9594ba1,4,24,99483
c9594ba1,5,22,32967
c9594ba1,6,19,67573
c9594ba1,6,23,32967
c9594ba1,6,16,72320
c9594ba1,6,5,52244
c9594ba1,7,6,28683
c9594ba1,7,16,63675
c9594ba1,8,13,56604
c9594ba1,8,26,41813
c9594ba1,9,21,82876
c9594ba1,9,17,18559
c9594ba1,9,10,59220
4197fd73,0,22,67573
4197fd73,0,14,84613
4197fd73,0,17,41813
4197fd73,0,28,99483
4197fd73,1,11,52244
4197fd73,1,21,32967
4197fd73,2,17,63675
4197fd73,2,27,28683
4197fd73,2,16,67573
4197fd73,3,17,67573
4197fd73,3,15,72320
4197fd73,3,17,26275
4197fd73,3,17,84613
4197fd73,4,25,84613
4197fd73,4,26,63675
4197fd73,5,28,37714
4197fd73,5,5,41813
4197fd73,5,24,82876
4197fd73,5,13,99483
4197fd73,6,19,68557
4197fd73,7,15,26980
4197fd73,7,27,73157
4197fd73,7,14,72320
4197fd73,7,28,94352
4197fd73,8,14,59220
4197fd73,8,24,67573
4197fd73,8,13,68557
4197fd73,8,26,73157
4197fd73,9,26,82876
4197fd73,9,19,32967
5b8b8785,0,17,41813
5b8b8785,0,10,59220
5b8b8785,1,6,26275
5b8b8785,1,16,28683
5b8b8785,2,5,26980
5b8b8785,3,23,72320
5b8b8785,3,7,56604
5b8b8785,4,7,52244
5b8b8785,5,6,26980
5b8b8785,5,7,26980
5b8b8785,6,8,73157
5b8b8785,6,11,60357
5b8b8785,6,7,32967
5b8b8785,7,10,26980
5b8b8785,7,28,26275
5b8b8785,7,17,73157
5b8b8785,8,12,63675
5b8b8785,8,21,37714
5b8b8785,8,18,60357
5b8b8785,8,22,82876
5b8b8785,9,28,84613
5b8b8785,9,5,94352
5b8b8785,9,29,52244
f1e49897,0,8,52244
f1e49897,0,24,60357
f1e49897,1,20,84613
f1e49897,1,26,68557
f1e49897,1,6,32967
f1e49897,2,24,59220
f1e49897,3,29,73157
f1e49897,3,7,52244
f1e49897,3,7,68557
f1e49897,4,23,52244
f1e49897,4,21,63675
f1e49897,4,29,28683
f1e49897,4,17,68557
f1e49897,5,29,32967
f1e49897,5,16,82876
f1e49897,6,11,67573
f1e49897,6,7,73157
f1e49897,7,5,94352
f1e49897,7,28,84613
f1e49897,7,16,28683
f1e49897,7,26,67573
f1e49897,8,28,28683
f1e49897,8,6,73157
f1e49897,8,17,60357
f1e49897,8,27,67573
f1e49897,9,14,18559
f1e49897,9,12,84613
7cb5f605,0,24,63675
7cb5f605,0,27,60357
7cb5f605,0,14,52244
7cb5f605,1,21,41813
7cb5f605,1,14,73157
7cb5f605,2,6,32967
7cb5f605,2,19,26980
7cb5f605,3,11,84613
7cb5f605,4,27,82876
7cb5f605,5,23,73157
7cb5f605,5,21,68557
7cb5f605,5,18,26980
7cb5f605,6,10,59220
7cb5f605,6,8,26980
7cb5f605,7,21,94352
7cb5f605,7,9,56604
7cb5f605,7,24,41813
7cb5f605,7,29,28683
7cb5f605,8,23,41813
7cb5f605,9,6,73157
e2057b05,0,13,32967
e2057b05,0,14,59220
e2057b05,1,9,68557
e2057b05,1,6,73157
e2057b05,1,9,32967
e2057b05,2,12,72320
e2057b05,3,9,26980
e2057b05,3,20,59220
e2057b05,4,18,63675
e2057b05,4,17,37714
e2057b05,4,20,37714
e2057b05,5,5,82876
e2057b05,5,8,26275
e2057b05,5,15,26980
e2057b05,6,9,82876
e2057b05,7,20,67573
e2057b05,7,16,72320
e2057b05,8,11,59220
e2057b05,8,9,84613
e2057b05,8,9,52244
e2057b05,8,20,32967
e2057b05,9,13,26980
e2057b05,9,25,41813
e2057b05,9,11,41813
384ffa02,0,5,67573
384ffa02,0,10,67573
384ffa02,0,14,68557
384ffa02,0,13,59220
384ffa02,1,15,26275
384ffa02,1,21,82876
384ffa02,1,14,72320
384ffa02,2,23,84613
384ffa02,2,26,68557
384ffa02,2,13,82876
384ffa02,3,5,26980
384ffa02,3,18,52244
384ffa02,3,28,68557
384ffa02,3,14,32967
384ffa02,4,23,52244
384ffa02,5,18,52244
384ffa02,5,20,28683
384ffa02,6,7,82876
384ffa02,6,25,41813
384ffa02,6,14,67573
384ffa02,7,16,59220
384ffa02,8,18,26275
384ffa02,8,16,28683
384ffa02,8,18,59220
384ffa02,8,11,73157
384ffa02,9,28,56604
384ffa02,9,20,84613
5863fa72,0,14,32967
5863fa72,0,23,41813
5863fa72,0,27,41813
5863fa72,1,15,37714
5863fa72,1,7,56604
5863fa72,2,8,59220
5863fa72,2,8,99483
5863fa72,2,22,67573
5863fa72,2,18,32967
5863fa72,3,7,60357
5863fa72,3,19,18559
5863fa72,3,21,32967
5863fa72,4,10,60357
5863fa72,4,29,67573
5863fa72,5,14,63675
5863fa72,5,28,26980
5863fa72,5,27,60357
5863fa72,6,23,32967
5863fa72,6,9,26275
5863fa72,6,7,41813
5863fa72,6,6,94352
5863fa72,7,16,67573
5863fa72,8,8,73157
5863fa72,8,18,68557
5863fa72,8,12,84613
5863fa72,8,9,68557
5863fa72,9,8,63675
5863fa72,9,21,56604
5863fa72,9,26,52244
5863fa72,9,23,26980
b519d811,0,7,68557
b519d811,0,9,72320
b519d811,0,16,94352
b519d811,0,23,63675
b519d811,1,25,73157
b519d811,2,29,59220
b519d811,2,14,84613
b519d811,2,7,99483
b519d811,2,28,84613
b519d811,3,17,32967
b519d811,3,25,67573
b519d811,3,29,73157
b519d811,3,6,32967
b519d811,4,26,56604
b519d811,4,24,82876
b519d811,5,23,94352
b519d811,5,6,26275
b519d811,5,18,56604
b519d811,6,11,26980
b519d811,6,24,18559
b519d811,6,14,67573
b519d811,7,14,26275
b519d811,7,17,28683
b519d811,7,25,18559
b519d811,8,6,60357
b519d811,9,27,52244
b519d811,9,26,60357
bdcc3219,0,16,67573
bdcc3219,0,12,73157
bdcc3219,0,12,68557
bdcc3219,0,29,99483
bdcc3219,1,21,59220
bdcc3219,1,26,68557
bdcc3219,1,22,60357
bdcc3219,1,20,52244
bdcc3219,2,25,41813
bdcc3219,2,5,60357
bdcc3219,2,17,94352
bdcc3219,3,21,82876
bdcc3219,4,5,99483
bdcc3219,4,11,67573
bdcc3219,4,16,63675
bdcc3219,4,15,28683
bdcc3219,5,22,28683
bdcc3219,5,8,32967
bdcc3219,5,9,41813
bdcc3219,5,15,82876
bdcc3219,6,5,72320
bdcc3219,6,5,84613
bdcc3219,6,26,99483
bdcc3219,7,27,26980
bdcc3219,7,20,84613
bdcc3219,8,13,28683
bdcc3219,8,20,68557
bdcc3219,8,15,28683
bdcc3219,9,29,28683
bdcc3219,9,6,60357
bdcc3219,9,18,67573
47ed083a,0,26,67573
47ed083a,0,11,82876
47ed083a,1,17,41813
47ed083a,1,28,84613
47ed083a,1,22,41813
47ed083a,2,14,18559
47ed083a,3,19,41813
47ed083a,3,29,94352
47ed083a,4,26,60357
47ed083a,4,28,94352
47ed083a,5,16,52244
47ed083a,6,9,37714
47ed083a,6,15,26980
47ed083a,6,24,99483
47ed083a,6,27,73157
47ed083a,7,15,63675
47ed083a,7,22,72320
47ed083a,7,20,37714
47ed083a,7,10,37714
47ed083a,8,8,26980
47ed083a,8,15,37714
47ed083a,8,15,56604
47ed083a,8,9,73157
47ed083a,9,6,68557
47ed083a,9,22,37714
eb5bf36c,0,11,18559
eb5bf36c,1,6,41813
eb5bf36c,1,20,52244
eb5bf36c,2,29,82876
eb5bf36c,2,8,67573
eb5bf36c,2,27,18559
eb5bf36c,3,9,68557
eb5bf36c,3,16,32967
eb5bf36c,3,20,82876
eb5bf36c,4,20,73157
eb5bf36c,4,13,18559
eb5bf36c,4,22,82876
eb5bf36c,5,21,26275
eb5bf36c,5,5,99483
eb5bf36c,6,14,26980
eb5bf36c,6,6,82876
eb5bf36c,6,14,56604
eb5bf36c,7,15,72320
eb5bf36c,7,23,59220
eb5bf36c,8,29,37714
eb5bf36c,8,18,26275
eb5bf36c,8,12,82876
eb5bf36c,8,27,32967
eb5bf36c,9,21,84613
eb5bf36c,9,28,52244
0d1cb912,0,19,41813
0d1cb912,0,27,41813
0d1cb912,1,14,37714
0d1cb912,1,11,18559
0d1cb912,1,22,26980
0d1cb912,1,27,18559
0d1cb912,2,14,60357
0d1cb912,3,13,26275
0d1cb912,3,17,68557
0d1cb912,3,28,72320
0d1cb912,3,5,99483
0d1cb912,4,15,26275
0d1cb912,4,19,28683
0d1cb912,4,10,82876
0d1cb912,4,14,41813
0d1cb912,5,13,18559
0d1cb912,5,11,99483
0d1cb912,5,25,26980
0d1cb912,5,24,26275
0d1cb912,6,29,56604
0d1cb912,6,10,52244
0d1cb912,7,9,56604
0d1cb912,7,24,26275
0d1cb912,7,5,26980
0d1cb912,8,29,52244
0d1cb912,8,9,82876
0d1cb912,9,11,84613
0d1cb912,9,9,32967
53e39a46,0,11,73157
53e39a46,0,14,94352
53e39a46,1,13,41813
53e39a46,2,19,56604
53e39a46,2,6,41813
53e39a46,3,26,84613
53e39a46,3,27,63675
53e39a46,3,16,56604
53e39a46,4,27,28683
53e39a46,5,28,73157
53e39a46,5,16,67573
53e39a46,5,24,82876
53e39a46,6,21,67573
53e39a46,6,8,73157
53e39a46,6,23,94352
53e39a46,6,14,18559
53e39a46,7,11,52244
53e39a46,7,21,37714
53e39a46,8,9,73157
53e39a46,8,17,67573
53e39a46,8,9,94352
53e39a46,8,10,72320
53e39a46,9,7,59220
53e39a46,9,16,26275
3cd19875,0,23,59220
3cd19875,0,8,68557
3cd19875,0,24,68557
3cd19875,0,21,84613
3cd19875,1,23,73157
3cd19875,2,15,32967
3cd19875,2,23,28683
3cd19875,2,7,84613
3cd19875,3,26,56604
3cd19875,3,6,99483
3cd19875,3,14,67573
3cd19875,4,7,72320
3cd19875,5,25,63675
3cd19875,5,10,72320
3cd19875,5,13,18559
3cd19875,5,15,68557
3cd19875,6,14,26980
3cd19875,6,23,84613
3cd19875,6,29,73157
3cd19875,6,6,52244
3cd19875,7,15,37714
3cd19875,7,13,94352
3cd19875,7,16,28683
3cd19875,8,6,99483
3cd19875,8,19,52244
3cd19875,8,11,94352
3cd19875,9,17,26980
3cd19875,9,24,26980
3cd19875,9,21,32967
9f5d4f62,0,21,68557
9f5d4f62,1,29,37714
9f5d4f62,1,27,32967
9f5d4f62,1,21,18559
9f5d4f62,2,14,26980
9f5d4f62,2,15,37714
9f5d4f62,3,17,72320
9f5d4f62,3,6,41813
9f5d4f62,3,28,67573
9f5d4f62,4,8,37714
9f5d4f62,5,15,37714
9f5d4f62,5,9,99483
9f5d4f62,6,6,72320
9f5d4f62,6,10,72320
9f5d4f62,6,5,67573
9f5d4f62,7,19,63675
9f5d4f62,8,26,18559
9f5d4f62,8,6,52244
9f5d4f62,9,26,73157
9f5d4f62,9,17,73157
9f5d4f62,9,13,73157
1add3c53,0,10,99483
1add3c53,0,27,82876
1add3c53,0,25,99483
1add3c53,1,5,52244
1add3c53,1,27,68557
1add3c53,2,12,59220
1add3c53,2,20,73157
1add3c53,2,14,37714
1add3c53,2,8,82876
1add3c53,3,16,56604
1add3c53,3,29,32967
1add3c53,4,25,94352
1add3c53,4,12,68557
1add3c53,4,13,41813
1add3c53,5,17,56604
1add3c53,6,19,28683
1add3c53,6,11,26275
1add3c53,6,7,82876
1add3c53,6,8,82876
1add3c53,7,7,32967
1add3c53,7,21,52244
1add3c53,7,7,63675
1add3c53,8,9,68557
1add3c53,8,20,73157
1add3c53,8,17,18559
1add3c53,8,28,52244
1add3c53,9,16,28683
9e1c18c1,0,25,72320
9e1c18c1,0,28,26980
9e1c18c1,0,27,63675
9e1c18c1,1,28,56604
9e1c18c1,2,18,59220
9e1c18c1,2,10,26275
9e1c18c1,3,11,72320
9e1c18c1,4,20,28683
9e1c18c1,4,19,73157
9e1c18c1,4,7,73157
9e1c18c1,4,8,26275
9e1c18c1,5,13,60357
9e1c18c1,6,21,67573
9e1c18c1,6,18,68557
9e1c18c1,6,19,99483
9e1c18c1,6,18,32967
9e1c18c1,7,9,56604
9e1c18c1,7,12,68557
9e1c18c1,7,6,41813
9e1c18c1,8,19,63675
9e1c18c1,8,10,28683
9e1c18c1,8,7,63675
9e1c18c1,9,6,41813
9e1c18c1,9,20,84613
9e1c18c1,9,10,84613
cb807f20,0,25,41813
cb807f20,0,7,82876
cb807f20,0,6,59220
cb807f20,1,16,18559
cb807f20,1,29,60357
cb807f20,1,12,99483
cb807f20,1,23,26980
cb807f20,2,24,94352
cb807f20,2,25,59220
cb807f20,2,17,26275
cb807f20,2,8,94352
cb807f20,3,12,59220
cb807f20,4,29,63675
cb807f20,4,25,32967
cb807f20,5,8,73157
cb807f20,5,23,26980
cb807f20,5,8,99483
cb807f20,6,27,59220
cb807f20,6,13,73157
cb807f20,6,17,99483
cb807f20,7,24,94352
cb807f20,7,17,26980
cb807f20,8,14,84613
cb807f20,8,9,82876
cb807f20,8,11,99483
cb807f20,9,9,18559
cb807f20,9,25,72320
cb807f20,9,27,41813
cb807f20,9,14,82876
3fa62a8f,0,23,28683
3fa62a8f,0,22,82876
3fa62a8f,0,8,73157
3fa62a8f,1,25,56604
3fa62a8f,1,7,18559
3fa62a8f,1,14,28683
3fa62a8f,2,28,60357
3fa62a8f,2,27,94352
3fa62a8f,2,26,59220
3fa62a8f,3,12,37714
3fa62a8f,3,23,56604
3fa62a8f,4,29,52244
3fa62a8f,4,26,32967
3fa62a8f,4,23,73157
3fa62a8f,5,14,32967
3fa62a8f,6,16,18559
3fa62a8f,6,8,32967
3fa62a8f,6,23,26275
3fa62a8f,7,29,99483
3fa62a8f,8,10,26980
3fa62a8f,8,9,37714
3fa62a8f,9,13,56604
d651265e,0,19,28683
d651265e,1,10,26275
d651265e,1,10,60357
d651265e,2,21,52244
d651265e,2,12,72320
d651265e,2,5,68557
d651265e,3,18,68557
d651265e,3,19,82876
d651265e,3,7,52244
d651265e,3,21,68557
d651265e,4,17,94352
d651265e,4,9,56604
d651265e,4,28,72320
d651265e,5,6,82876
d651265e,5,13,60357
d651265e,5,9,99483
d651265e,6,20,73157
d651265e,7,21,73157
d651265e,7,25,63675
d651265e,8,20,56604
d651265e,8,16,72320
d651265e,8,17,26275
d651265e,9,8,94352
d651265e,9,16,68557
d651265e,9,15,94352
d651265e,9,15,67573
7056203a,0,16,67573
7056203a,0,17,18559
7056203a,1,19,84613
7056203a,1,23,37714
7056203a,1,25,56604
7056203a,1,27,82876
7056203a,2,11,32967
7056203a,2,27,37714
7056203a,3,9,56604
7056203a,3,19,68557
7056203a,3,27,56604
7056203a,3,13,59220
7056203a,4,15,59220
7056203a,4,13,73157
7056203a,4,23,28683
7056203a,5,21,41813
7056203a,5,6,60357
7056203a,5,20,63675
7056203a,6,9,28683
7056203a,6,22,37714
7056203a,6,28,41813
7056203a,6,6,67573
7056203a,7,26,32967
7056203a,7,29,59220
7056203a,8,18,18559
7056203a,8,28,67573
7056203a,9,23,82876
5a5db58f,0,29,82876
5a5db58f,1,26,84613
5a5db58f,1,19,84613
5a5db58f,1,10,28683
5a5db58f,2,5,26980
5a5db58f,3,10,26980
5a5db58f,3,16,37714
5a5db58f,4,26,32967
5a5db58f,4,9,72320
5a5db58f,4,28,99483
5a5db58f,4,27,26980
5a5db58f,5,27,84613
5a5db58f,5,17,59220
5a5db58f,5,29,73157
5a5db58f,6,15,68557
5a5db58f,6,29,72320
5a5db58f,6,14,72320
5a5db58f,7,5,37714
5a5db58f,7,8,59220
5a5db58f,7,15,68557
5a5db58f,7,29,52244
5a5db58f,8,6,72320
5a5db58f,8,23,84613
5a5db58f,8,20,68557
5a5db58f,9,16,37714
5a5db58f,9,6,32967
2beed527,0,9,26275
2beed527,0,28,72320
2beed527,0,20,37714
2beed527,0,18,67573
2beed527,1,5,52244
2beed527,2,18,73157
2beed527,3,29,32967
2beed527,3,13,67573
2beed527,3,9,32967
2beed527,4,25,56604
2beed527,5,22,26980
2beed527,5,14,63675
2beed527,6,17,41813
2beed527,6,9,18559
2beed527,6,10,26980
2beed527,6,8,37714
2beed527,7,11,94352
2beed527,8,11,18559
2beed527,9,29,72320
2beed527,9,23,84613
2beed527,9,18,68557
edea2a6a,0,6,28683
edea2a6a,0,8,63675
edea2a6a,1,8,63675
edea2a6a,1,16,94352
edea2a6a,1,21,26275
edea2a6a,2,9,99483
edea2a6a,2,16,94352
edea2a6a,3,14,26980
edea2a6a,3,21,26275
edea2a6a,3,15,72320
edea2a6a,3,24,99483
edea2a6a,4,20,59220
edea2a6a,4,7,63675
edea2a6a,4,13,84613
edea2a6a,5,8,59220
edea2a6a,5,12,72320
edea2a6a,5,24,18559
edea2a6a,5,9,72320
edea2a6a,6,11,82876
edea2a6a,6,6,37714
edea2a6a,6,22,26980
edea2a6a,6,5,32967
edea2a6a,7,10,99483
edea2a6a,7,7,28683
edea2a6a,7,5,73157
edea2a6a,7,21,52244
edea2a6a,8,12,72320
edea2a6a,8,15,60357
edea2a6a,9,11,32967
edea2a6a,9,7,63675
4477fde8,0,11,84613
4477fde8,1,15,73157
4477fde8,1,19,56604
4477fde8,1,11,37714
4477fde8,2,21,94352
4477fde8,2,21,60357
4477fde8,3,10,37714
4477fde8,3,20,72320
4477fde8,3,20,72320
4477fde8,4,21,52244
4477fde8,5,12,73157
4477fde8,5,7,72320
4477fde8,5,6,82876
4477fde8,5,10,67573
4477fde8,6,9,37714
4477fde8,6,15,82876
4477fde8,7,23,94352
4477fde8,7,27,73157
4477fde8,8,22,84613
4477fde8,8,9,18559
4477fde8,8,20,82876
4477fde8,8,17,63675
4477fde8,9,20,52244
4477fde8,9,29,72320
4477fde8,9,9,60357
4477fde8,9,25,82876
88d27357,0,7,68557
88d27357,0,19,84613
88d27357,0,26,67573
88d27357,1,7,72320
88d27357,1,21,52244
88d27357,2,24,84613
88d27357,2,13,94352
88d27357,2,29,60357
88d27357,2,14,63675
88d27357,3,6,84613
88d27357,4,9,52244
88d27357,4,15,56604
88d27357,5,24,37714
88d27357,6,29,26275
88d27357,7,8,28683
88d27357,8,19,59220
88d27357,8,16,26980
88d27357,9,25,63675
88d27357,9,13,63675
827393e5,0,24,84613
827393e5,0,28,73157
827393e5,0,29,72320
827393e5,0,25,68557
827393e5,1,27,56604
827393e5,1,7,67573
827393e5,1,29,68557
827393e5,2,25,26275
827393e5,3,6,73157
827393e5,4,6,28683
827393e5,4,19,28683
827393e5,5,11,68557
827393e5,5,16,68557
827393e5,6,9,60357
827393e5,6,14,73157
827393e5,6,20,37714
827393e5,6,21,99483
827393e5,7,17,68557
827393e5,7,5,67573
827393e5,8,22,82876
827393e5,8,23,82876
827393e5,8,16,52244
827393e5,9,29,26980
827393e5,9,20,59220
827393e5,9,18,63675
827393e5,9,28,28683
5b949228,0,8,67573
5b949228,0,21,60357
5b949228,0,17,99483
5b949228,0,22,84613
5b949228,1,28,32967
5b949228,1,17,73157
5b949228,1,9,82876
5b949228,2,25,72320
5b949228,3,26,72320
5b949228,3,23,67573
5b949228,4,10,56604
5b949228,5,9,41813
5b949228,5,9,26275
5b949228,5,12,56604
5b949228,6,22,82876
5b949228,6,25,32967
5b949228,7,10,56604
5b949228,7,12,73157
5b949228,7,29,73157
5b949228,7,29,67573
5b949228,8,8,37714
5b949228,8,7,60357
5b949228,8,27,28683
5b949228,8,20,63675
5b949228,9,11,59220
5b949228,9,14,82876
5b949228,9,15,26980
59b29b16,0,15,41813
59b29b16,0,6,84613
59b29b16,0,21,99483
59b29b16,0,29,32967
59b29b16,1,27,26275
59b29b16,1,12,94352
59b29b16,1,20,63675
59b29b16,2,26,73157
59b29b16,2,18,41813
59b29b16,2,24,37714
59b29b16,3,5,99483
59b29b16,3,5,26980
59b29b16,4,7,82876
59b29b16,4,22,68557
59b29b16,4,17,59220
59b29b16,5,28,73157
59b29b16,5,15,52244
59b29b16,5,9,26275
59b29b16,6,12,37714
59b29b16,6,9,37714
59b29b16,7,14,67573
59b29b16,7,12,84613
59b29b16,8,7,67573
59b29b16,8,17,94352
59b29b16,8,18,52244
59b29b16,8,23,26980
59b29b16,9,13,84613
c5299bc8,0,8,94352
c5299bc8,0,19,82876
c5299bc8,0,11,18559
c5299bc8,1,13,28683
c5299bc8,1,17,28683
c5299bc8,1,23,84613
c5299bc8,2,11,41813
c5299bc8,2,15,63675
c5299bc8,3,12,56604
c5299bc8,4,17,73157
c5299bc8,4,22,60357
c5299bc8,4,9,41813
c5299bc8,4,21,72320
c5299bc8,5,21,72320
c5299bc8,5,8,32967
c5299bc8,6,28,67573
c5299bc8,7,9,37714
c5299bc8,8,27,68557
c5299bc8,9,27,28683
c5299bc8,9,6,26980
c5299bc8,9,7,60357
205095ac,0,5,60357
205095ac,1,17,37714
205095ac,1,9,56604
205095ac,1,11,41813
205095ac,2,14,59220
205095ac,3,16,56604
205095ac,3,11,26980
205095ac,4,13,68557
205095ac,4,19,63675
205095ac,4,26,60357
205095ac,5,22,60357
205095ac,5,19,28683
205095ac,5,10,41813
205095ac,5,29,26980
205095ac,6,21,37714
205095ac,6,23,41813
205095ac,7,12,18559
205095ac,7,17,26980
205095ac,7,17,84613
205095ac,8,15,63675
205095ac,8,11,32967
205095ac,9,29,26980
205095ac,9,27,26980
205095ac,9,11,41813
c328846b,0,15,37714
c328846b,1,23,26980
c328846b,2,27,52244
c328846b,2,29,32967
c328846b,2,8,18559
c328846b,3,13,52244
c328846b,3,13,63675
c328846b,3,29,37714
c328846b,3,20,63675
c328846b,4,18,56604
c328846b,4,26,37714
c328846b,4,25,18559
c328846b,4,7,56604
c328846b,5,12,32967
c328846b,5,14,73157
c328846b,6,25,18559
c328846b,6,25,94352
c328846b,6,9,68557
c328846b,6,13,26980
c328846b,7,6,56604
c328846b,7,10,72320
c328846b,7,23,94352
c328846b,7,19,73157
c328846b,8,10,63675
c328846b,9,11,59220
4b7c45dd,0,8,26980
4b7c45dd,0,8,82876
4b7c45dd,1,16,52244
4b7c45dd,1,25,18559
4b7c45dd,1,18,67573
4b7c45dd,1,13,56604
4b7c45dd,2,8,28683
4b7c45dd,3,29,60357
4b7c45dd,4,23,59220
4b7c45dd,4,9,26275
4b7c45dd,4,12,37714
4b7c45dd,5,27,26980
4b7c45dd,5,7,73157
4b7c45dd,5,22,52244
4b7c45dd,6,10,41813
4b7c45dd,6,23,67573
4b7c45dd,7,15,18559
4b7c45dd,7,6,99483
4b7c45dd,8,28,28683
4b7c45dd,9,28,72320
4b7c45dd,9,28,72320
4b7c45dd,9,21,99483
4b7c45dd,9,6,68557
627b67dc,0,18,94352
627b67dc,1,21,18559
627b67dc,2,26,72320
627b67dc,3,13,56604
627b67dc,4,26,26980
627b67dc,5,23,56604
627b67dc,6,23,82876
627b67dc,7,25,82876
627b67dc,8,19,72320
627b67dc,9,16,28683
627b67dc,9,21,32967
627b67dc,9,28,59220
627b67dc,9,14,67573
8825d845,0,13,60357
8825d845,0,18,60357
8825d845,0,15,73157
8825d845,1,22,37714
8825d845,2,19,72320
8825d845,2,16,68557
8825d845,2,27,99483
8825d845,3,11,73157
8825d845,3,14,32967
8825d845,4,13,72320
8825d845,4,27,73157
8825d845,5,18,67573
8825d845,5,29,67573
8825d845,5,8,56604
8825d845,6,5,82876
8825d845,7,18,26980
8825d845,7,13,63675
8825d845,8,25,67573
8825d845,8,5,82876
8825d845,8,9,68557
8825d845,9,22,37714
03388d71,0,26,26275
03388d71,0,28,73157
03388d71,1,27,72320
03388d71,1,24,99483
03388d71,1,7,94352
03388d71,1,11,26980
03388d71,2,19,18559
03388d71,3,19,94352
03388d71,4,7,28683
03388d71,5,23,63675
03388d71,5,18,82876
03388d71,5,9,32967
03388d71,6,16,63675
03388d71,6,7,72320
03388d71,6,6,26275
03388d71,6,18,99483
03388d71,7,5,56604
03388d71,7,8,59220
03388d71,7,25,68557
03388d71,7,24,60357
03388d71,8,6,32967
03388d71,8,21,59220
03388d71,9,7,60357
03388d71,9,28,26980
03388d71,9,14,37714
03388d71,9,28,41813
94afd9e9,0,23,32967
94afd9e9,0,12,41813
94afd9e9,0,26,26980
94afd9e9,0,13,60357
94afd9e9,1,11,72320
94afd9e9,2,19,26275
94afd9e9,2,11,73157
94afd9e9,2,7,67573
94afd9e9,2,21,72320
94afd9e9,3,17,73157
94afd9e9,3,18,37714
94afd9e9,3,8,72320
94afd9e9,4,22,59220
94afd9e9,4,27,28683
94afd9e9,5,25,52244
94afd9e9,5,27,41813
94afd9e9,5,27,67573
94afd9e9,6,13,28683
94afd9e9,7,22,68557
94afd9e9,8,29,56604
94afd9e9,8,6,84613
94afd9e9,9,10,67573
94afd9e9,9,29,63675
94afd9e9,9,20,67573
c7f29216,0,28,26275
c7f29216,0,26,37714
c7f29216,1,28,99483
c7f29216,1,17,26980
c7f29216,1,11,60357
c7f29216,2,13,59220
c7f29216,3,7,26275
c7f29216,3,23,67573
c7f29216,3,18,56604
c7f29216,3,5,26980
c7f29216,4,22,18559
c7f29216,5,25,94352
c7f29216,5,27,84613
c7f29216,5,14,59220
c7f29216,5,12,32967
c7f29216,6,24,94352
c7f29216,6,22,63675
c7f29216,6,27,72320
c7f29216,6,24,59220
c7f29216,7,7,26275
c7f29216,7,20,32967
c7f29216,7,6,99483
c7f29216,8,29,56604
c7f29216,8,21,63675
c7f29216,8,19,99483
c7f29216,8,16,67573
c7f29216,9,21,59220
c7f29216,9,25,73157
319e93d2,0,24,32967
319e93d2,1,10,94352
319e93d2,1,29,37714
319e93d2,1,26,99483
319e93d2,1,7,63675
319e93d2,2,27,68557
319e93d2,2,11,73157
319e93d2,3,18,94352
319e93d2,3,18,94352
319e93d2,3,13,68557
319e93d2,4,28,94352
319e93d2,4,10,26980
319e93d2,4,16,60357
319e93d2,5,17,72320
319e93d2,5,20,99483
319e93d2,5,5,94352
319e93d2,6,25,67573
319e93d2,6,26,56604
319e93d2,6,23,72320
319e93d2,6,11,32967
319e93d2,7,11,32967
319e93d2,8,6,26275
319e93d2,9,18,37714
319e93d2,9,18,68557
319e93d2,9,19,52244
319e93d2,9,25,56604
dbcc3efd,0,25,32967
dbcc3efd,1,29,56604
dbcc3efd,2,18,56604
dbcc3efd,3,27,63675
dbcc3efd,3,14,73157
dbcc3efd,4,24,28683
dbcc3efd,4,7,72320
dbcc3efd,4,11,82876
dbcc3efd,5,7,59220
dbcc3efd,5,14,84613
dbcc3efd,5,19,28683
dbcc3efd,6,21,82876
dbcc3efd,6,15,63675
dbcc3efd,7,24,68557
dbcc3efd,7,25,84613
dbcc3efd,7,19,99483
dbcc3efd,8,9,52244
dbcc3efd,8,14,52244
dbcc3efd,8,25,99483
dbcc3efd,8,8,67573
dbcc3efd,9,24,99483
dbcc3efd,9,24,73157
93588de2,0,10,52244
93588de2,0,22,41813
93588de2,0,10,52244
93588de2,1,26,60357
93588de2,1,26,59220
93588de2,1,9,18559
93588de2,2,27,84613
93588de2,2,12,41813
93588de2,3,5,52244
93588de2,3,17,52244
93588de2,4,14,26275
93588de2,4,8,32967
93588de2,5,7,26275
93588de2,5,26,94352
93588de2,5,24,59220
93588de2,6,8,26980
93588de2,6,18,59220
93588de2,6,18,94352
93588de2,6,25,63675
93588de2,7,26,26275
93588de2,7,5,18559
93588de2,7,9,84613
93588de2,8,6,72320
93588de2,8,14,56604
93588de2,8,28,72320
93588de2,9,21,72320
93588de2,9,14,73157
93588de2,9,24,68557
93588de2,9,19,28683
0890927e,0,20,56604
0890927e,1,17,26275
0890927e,1,13,28683
0890927e,2,17,94352
0890927e,3,9,82876
0890927e,3,8,60357
0890927e,3,23,59220
0890927e,4,20,37714
0890927e,5,23,73157
0890927e,5,6,41813
0890927e,6,17,28683
0890927e,6,22,63675
0890927e,6,18,28683
0890927e,6,8,82876
0890927e,7,6,94352
0890927e,7,12,68557
0890927e,7,25,18559
0890927e,8,12,41813
0890927e,8,17,32967
0890927e,8,23,84613
0890927e,9,15,32967
0890927e,9,22,73157
e0d93837,0,23,26275
e0d93837,0,18,59220
e0d93837,1,24,73157
e0d93837,2,17,73157
e0d93837,2,16,94352
e0d93837,3,18,59220
e0d93837,4,7,56604
e0d93837,5,12,52244
e0d93837,5,10,63675
e0d93837,5,22,32967
e0d93837,5,21,68557
e0d93837,6,19,99483
e0d93837,7,14,99483
e0d93837,7,19,52244
e0d93837,7,10,82876
e0d93837,8,21,18559
e0d93837,8,25,72320
e0d93837,8,9,63675
e0d93837,8,22,82876
e0d93837,9,15,73157
e0d93837,9,26,28683
e0d93837,9,28,72320
ae2ce2d2,0,8,67573
ae2ce2d2,1,7,41813
ae2ce2d2,2,14,73157
ae2ce2d2,3,8,28683
ae2ce2d2,3,21,84613
ae2ce2d2,3,25,73157
ae2ce2d2,4,20,63675
ae2ce2d2,4,10,99483
ae2ce2d2,4,15,52244
ae2ce2d2,4,10,52244
ae2ce2d2,5,5,99483
ae2ce2d2,5,19,59220
ae2ce2d2,5,27,99483
ae2ce2d2,5,16,68557
ae2ce2d2,6,24,52244
ae2ce2d2,6,7,63675
ae2ce2d2,7,12,82876
ae2ce2d2,7,13,52244
ae2ce2d2,7,9,63675
ae2ce2d2,7,6,99483
ae2ce2d2,8,9,68557
ae2ce2d2,8,21,73157
ae2ce2d2,8,8,94352
ae2ce2d2,9,10,26980
ae2ce2d2,9,7,52244
ae2ce2d2,9,19,60357
75d8f592,0,5,32967
75d8f592,1,22,28683
75d8f592,2,21,26980
75d8f592,2,8,73157
75d8f592,2,16,84613
75d8f592,3,28,73157
75d8f592,3,14,26980
75d8f592,4,25,63675
75d8f592,5,17,63675
75d8f592,5,12,26275
75d8f592,6,16,84613
75d8f592,6,14,84613
75d8f592,6,26,56604
75d8f592,6,13,37714
75d8f592,7,8,41813
75d8f592,7,13,59220
75d8f592,8,13,82876
75d8f592,8,15,18559
75d8f592,9,18,32967
75d8f592,9,18,59220
75d8f592,9,24,84613
75d8f592,9,19,26980
d69dc676,0,23,99483
d69dc676,0,18,41813
d69dc676,0,26,73157
d69dc676,1,17,94352
d69dc676,2,7,73157
d69dc676,3,12,59220
d69dc676,4,20,82876
d69dc676,4,13,41813
d69dc676,5,25,52244
d69dc676,5,19,67573
d69dc676,5,20,41813
d69dc676,5,6,32967
d69dc676,6,6,18559
d69dc676,6,13,72320
d69dc676,6,9,72320
d69dc676,7,20,60357
d69dc676,7,25,52244
d69dc676,7,20,28683
d69dc676,8,6,32967
d69dc676,8,13,18559
d69dc676,9,22,26980
00503d3c,0,16,72320
00503d3c,1,14,26980
00503d3c,1,21,52244
00503d3c,1,13,28683
00503d3c,2,25,94352
00503d3c,2,6,37714
00503d3c,3,29,28683
00503d3c,3,26,68557
00503d3c,3,13,72320
00503d3c,4,12,94352
00503d3c,5,10,60357
00503d3c,5,7,82876
00503d3c,5,15,26980
00503d3c,5,8,26980
00503d3c,6,24,26980
00503d3c,7,20,60357
00503d3c,8,18,59220
00503d3c,8,14,72320
00503d3c,8,12,82876
00503d3c,8,14,56604
00503d3c,9,14,99483
00503d3c,9,10,26275
00503d3c,9,21,26275
00503d3c,9,25,52244
c6c5fb57,0,28,41813
c6c5fb57,0,7,18559
c6c5fb57,0,18,63675
c6c5fb57,1,29,84613
c6c5fb57,2,17,84613
c6c5fb57,2,7,73157
c6c5fb57,3,19,60357
c6c5fb57,3,27,60357
c6c5fb57,3,15,26980
c6c5fb57,4,16,73157
c6c5fb57,4,28,94352
c6c5fb57,4,12,37714
c6c5fb57,4,21,52244
c6c5fb57,5,27,52244
c6c5fb57,6,22,72320
c6c5fb57,6,18,18559
c6c5fb57,6,6,18559
c6c5fb57,6,13,41813
c6c5fb57,7,7,41813
c6c5fb57,8,8,84613
c6c5fb57,8,9,60357
c6c5fb57,8,17,94352
c6c5fb57,9,6,28683
c6c5fb57,9,10,18559
1d17fee5,0,29,37714
1d17fee5,1,14,41813
1d17fee5,1,18,52244
1d17fee5,2,24,56604
1d17fee5,2,7,59220
1d17fee5,2,8,56604
1d17fee5,3,28,99483
1d17fee5,3,16,37714
1d17fee5,4,23,84613
1d17fee5,5,19,94352
1d17fee5,5,6,37714
1d17fee5,5,28,28683
1d17fee5,6,11,56604
1d17fee5,7,16,84613
1d17fee5,7,14,41813
1d17fee5,8,16,68557
1d17fee5,8,8,63675
1d17fee5,8,27,52244
1d17fee5,8,21,28683
1d17fee5,9,10,56604
1d17fee5,9,8,56604
1d17fee5,9,8,67573
1d17fee5,9,15,26275
29e0b33c,0,20,72320
29e0b33c,0,13,56604
29e0b33c,0,8,52244
29e0b33c,0,26,52244
29e0b33c,1,13,37714
29e0b33c,1,17,94352
29e0b33c,2,16,73157
29e0b33c,2,18,26980
29e0b33c,3,12,41813
29e0b33c,3,11,94352
29e0b33c,3,17,26275
29e0b33c,3,28,82876
29e0b33c,4,25,63675
29e0b33c,5,9,73157
29e0b33c,5,19,28683
29e0b33c,5,19,73157
29e0b33c,5,27,63675
29e0b33c,6,23,73157
29e0b33c,6,8,73157
29e0b33c,6,25,52244
29e0b33c,7,7,67573
29e0b33c,8,27,99483
29e0b33c,9,5,60357
29e0b33c,9,29,68557
29e0b33c,9,17,94352
a117a5d7,0,7,99483
a117a5d7,0,17,32967
a117a5d7,0,10,67573
a117a5d7,0,25,26275
a117a5d7,1,12,26275
a117a5d7,1,17,60357
a117a5d7,1,24,26980
a117a5d7,1,9,63675
a117a5d7,2,15,72320
a117a5d7,2,6,28683
a117a5d7,2,26,82876
a117a5d7,3,17,59220
a117a5d7,3,8,37714
a117a5d7,3,28,73157
a117a5d7,4,5,37714
a117a5d7,4,28,72320
a117a5d7,4,14,28683
a117a5d7,5,8,26980
a117a5d7,6,14,99483
a117a5d7,6,28,82876
a117a5d7,7,26,60357
a117a5d7,7,23,84613
a117a5d7,7,22,18559
a117a5d7,7,15,72320
a117a5d7,8,8,37714
a117a5d7,8,7,82876
a117a5d7,9,29,82876
a117a5d7,9,8,32967
568580a4,0,29,63675
568580a4,0,19,26275
568580a4,0,11,41813
568580a4,1,9,60357
568580a4,2,5,72320
568580a4,2,9,67573
568580a4,3,9,32967
568580a4,3,29,60357
568580a4,3,10,82876
568580a4,3,20,32967
568580a4,4,19,32967
568580a4,4,5,56604
568580a4,4,23,68557
568580a4,4,13,32967
568580a4,5,7,37714
568580a4,5,23,32967
568580a4,5,29,72320
568580a4,6,22,72320
568580a4,6,6,73157
568580a4,7,29,52244
568580a4,7,17,41813
568580a4,8,8,68557
568580a4,8,24,52244
568580a4,8,8,60357
568580a4,9,17,41813
6dfc52bd,0,25,37714
6dfc52bd,0,7,94352
6dfc52bd,0,5,32967
6dfc52bd,0,13,60357
6dfc52bd,1,15,59220
6dfc52bd,1,13,26980
6dfc52bd,1,12,67573
6dfc52bd,1,18,18559
6dfc52bd,2,28,68557
6dfc52bd,2,6,56604
6dfc52bd,2,21,37714
6dfc52bd,3,5,26275
6dfc52bd,3,7,84613
6dfc52bd,3,13,26980
6dfc52bd,4,21,67573
6dfc52bd,5,26,52244
6dfc52bd,5,14,82876
6dfc52bd,5,15,37714
6dfc52bd,6,17,63675
6dfc52bd,6,19,26980
6dfc52bd,7,14,82876
6dfc52bd,7,22,82876
6dfc52bd,7,28,32967
6dfc52bd,8,5,32967
6dfc52bd,9,15,26980
6dfc52bd,9,9,56604
6dfc52bd,9,8,99483
82f0a9d5,0,7,59220
82f0a9d5,1,7,94352
82f0a9d5,2,24,37714
82f0a9d5,3,22,52244
82f0a9d5,3,23,41813
82f0a9d5,3,27,41813
82f0a9d5,4,19,94352
82f0a9d5,4,5,84613
82f0a9d5,5,14,94352
82f0a9d5,5,6,56604
82f0a9d5,5,7,67573
82f0a9d5,5,29,59220
82f0a9d5,6,23,99483
82f0a9d5,6,23,94352
82f0a9d5,6,6,32967
82f0a9d5,6,15,59220
82f0a9d5,7,12,26275
82f0a9d5,8,12,26275
82f0a9d5,9,29,94352
82f0a9d5,9,12,67573
82f0a9d5,9,10,99483
82f0a9d5,9,8,99483
dd32f8b6,0,7,32967
dd32f8b6,0,21,60357
dd32f8b6,0,21,68557
dd32f8b6,1,27,32967
dd32f8b6,1,18,18559
dd32f8b6,2,13,60357
dd32f8b6,2,15,59220
dd32f8b6,2,8,94352
dd32f8b6,2,26,99483
dd32f8b6,3,11,73157
dd32f8b6,4,16,26275
dd32f8b6,5,10,60357
dd32f8b6,5,24,72320
dd32f8b6,5,11,37714
dd32f8b6,5,14,18559
dd32f8b6,6,16,84613
dd32f8b6,6,21,32967
dd32f8b6,6,13,82876
dd32f8b6,7,15,94352
dd32f8b6,8,13,63675
dd32f8b6,8,9,68557
dd32f8b6,8,28,99483
dd32f8b6,8,18,41813
dd32f8b6,9,19,99483
dd32f8b6,9,23,26980
dd32f8b6,9,16,67573
46db2f35,0,8,52244
46db2f35,0,24,18559
46db2f35,1,8,99483
46db2f35,1,25,52244
46db2f35,1,5,56604
46db2f35,2,17,56604
46db2f35,2,22,94352
46db2f35,2,17,18559
46db2f35,2,23,63675
46db2f35,3,29,72320
46db2f35,3,12,67573
46db2f35,4,17,32967
46db2f35,5,14,68557
46db2f35,5,22,26980
46db2f35,5,28,67573
46db2f35,5,26,68557
46db2f35,6,14,41813
46db2f35,7,10,32967
46db2f35,7,21,60357
46db2f35,7,11,52244
46db2f35,7,5,99483
46db2f35,8,15,63675
46db2f35,9,27,60357
d7239640,0,18,26275
d7239640,1,10,94352
d7239640,2,9,37714
d7239640,2,7,41813
d7239640,2,5,18559
d7239640,2,16,32967
d7239640,3,23,56604
d7239640,3,12,41813
d7239640,3,6,94352
d7239640,4,16,72320
d7239640,5,22,99483
d7239640,5,20,72320
d7239640,5,29,82876
d7239640,5,20,84613
d7239640,6,6,72320
d7239640,6,17,72320
d7239640,6,20,94352
d7239640,7,26,94352
d7239640,7,11,73157
d7239640,7,14,67573
d7239640,8,23,56604
d7239640,8,11,82876
d7239640,9,5,26980
d7239640,9,23,32967
d7239640,9,12,59220
d7239640,9,13,52244
d613a4a0,0,23,73157
d613a4a0,0,16,60357
d613a4a0,0,10,56604
d613a4a0,1,11,82876
d613a4a0,1,19,26275
d613a4a0,2,11,68557
d613a4a0,2,8,41813
d613a4a0,2,6,52244
d613a4a0,2,21,59220
d613a4a0,3,7,82876
d613a4a0,3,29,94352
d613a4a0,4,5,18559
d613a4a0,5,5,73157
d613a4a0,5,6,41813
d613a4a0,6,28,26275
d613a4a0,6,8,94352
d613a4a0,7,24,72320
d613a4a0,7,17,56604
d613a4a0,7,23,60357
d613a4a0,8,7,26275
d613a4a0,8,29,82876
d613a4a0,8,24,52244
d613a4a0,9,22,84613
d613a4a0,9,22,41813
699a465a,0,19,28683
699a465a,1,25,26980
699a465a,2,8,32967
699a465a,2,9,60357
699a465a,2,29,99483
699a465a,2,23,41813
699a465a,3,21,82876
699a465a,3,10,37714
699a465a,4,27,72320
699a465a,4,24,60357
699a465a,4,11,68557
699a465a,5,14,28683
699a465a,5,9,26275
699a465a,5,21,28683
699a465a,5,20,59220
699a465a,6,23,32967
699a465a,6,18,99483
699a465a,7,16,26980
699a465a,8,19,63675
699a465a,8,15,32967
699a465a,8,15,59220
699a465a,9,27,67573
44a077e6,0,5,32967
44a077e6,0,26,37714
44a077e6,1,29,37714
44a077e6,1,19,94352
44a077e6,2,9,84613
44a077e6,2,20,60357
44a077e6,3,28,41813
44a077e6,4,21,72320
44a077e6,4,13,84613
44a077e6,5,11,56604
44a077e6,5,25,52244
44a077e6,5,17,28683
44a077e6,5,28,67573
44a077e6,6,16,41813
44a077e6,6,11,52244
44a077e6,6,17,68557
44a077e6,6,22,63675
44a077e6,7,7,99483
44a077e6,7,24,56604
44a077e6,7,27,84613
44a077e6,7,5,18559
44a077e6,8,5,60357
44a077e6,9,24,82876
44a077e6,9,14,94352
44a077e6,9,14,41813
52d39376,0,9,72320
52d39376,0,22,73157
52d39376,1,16,26980
52d39376,1,5,32967
52d39376,2,10,84613
52d39376,2,10,63675
52d39376,2,12,28683
52d39376,2,16,32967
52d39376,3,9,18559
52d39376,4,15,63675
52d39376,4,19,72320
52d39376,4,16,41813
52d39376,4,17,32967
52d39376,5,12,84613
52d39376,5,6,82876
52d39376,5,26,18559
52d39376,6,5,26980
52d39376,7,26,32967
52d39376,7,21,68557
52d39376,8,14,72320
52d39376,9,24,63675
50ed2771,0,29,82876
50ed2771,1,11,26275
50ed2771,1,27,59220
50ed2771,1,18,37714
50ed2771,1,25,41813
50ed2771,2,5,63675
50ed2771,2,27,60357
50ed2771,2,7,72320
50ed2771,3,17,32967
50ed2771,4,6,37714
50ed2771,4,26,67573
50ed2771,5,16,73157
50ed2771,5,26,56604
50ed2771,6,6,26275
50ed2771,6,14,41813
50ed2771,6,25,84613
50ed2771,6,24,26275
50ed2771,7,10,18559
50ed2771,8,8,56604
50ed2771,8,14,99483
50ed2771,9,16,82876
5e586d50,0,27,59220
5e586d50,0,18,18559
5e586d50,0,13,99483
5e586d50,1,8,73157
5e586d50,1,12,63675
5e586d50,2,27,99483
5e586d50,2,14,26275
5e586d50,2,27,18559
5e586d50,2,28,68557
5e586d50,3,29,73157
5e586d50,3,24,94352
5e586d50,3,15,52244
5e586d50,4,26,84613
5e586d50,4,11,94352
5e586d50,4,22,60357
5e586d50,4,23,63675
5e586d50,5,23,26980
5e586d50,5,15,67573
5e586d50,5,18,26275
5e586d50,5,6,73157
5e586d50,6,7,28683
5e586d50,6,16,84613
5e586d50,7,5,72320
5e586d50,8,19,84613
5e586d50,8,13,82876
5e586d50,8,25,41813
5e586d50,9,26,67573
3ae73c0b,0,18,37714
3ae73c0b,0,16,72320
3ae73c0b,0,7,59220
3ae73c0b,1,20,99483
3ae73c0b,1,15,56604
3ae73c0b,2,12,26275
3ae73c0b,2,5,67573
3ae73c0b,3,29,94352
3ae73c0b,3,11,84613
3ae73c0b,3,19,18559
3ae73c0b,4,15,18559
3ae73c0b,5,5,82876
3ae73c0b,5,17,99483
3ae73c0b,5,7,26980
3ae73c0b,5,8,37714
3ae73c0b,6,15,94352
3ae73c0b,7,27,73157
3ae73c0b,7,26,32967
3ae73c0b,7,17,68557
3ae73c0b,7,13,84613
3ae73c0b,8,25,18559
3ae73c0b,8,16,72320
3ae73c0b,8,16,26980
3ae73c0b,9,21,63675
3ae73c0b,9,21,99483
3ae73c0b,9,29,59220
3ae73c0b,9,24,94352
9a77543c,0,9,18559
9a77543c,0,16,37714
9a77543c,0,11,28683
9a77543c,1,10,68557
9a77543c,1,27,72320
9a77543c,1,26,26980
9a77543c,2,20,67573
9a77543c,2,27,32967
9a77543c,3,11,18559
9a77543c,3,8,32967
9a77543c,3,17,63675
9a77543c,3,18,68557
9a77543c,4,27,59220
9a77543c,4,19,52244
9a77543c,4,10,72320
9a77543c,5,9,68557
9a77543c,5,27,37714
9a77543c,5,25,72320
9a77543c,6,26,99483
9a77543c,6,9,72320
9a77543c,6,27,56604
9a77543c,6,17,18559
9a77543c,7,23,56604
9a77543c,7,9,94352
9a77543c,7,18,52244
9a77543c,8,10,18559
9a77543c,8,5,26275
9a77543c,9,11,26980
9a77543c,9,17,41813
1ecc0fd5,0,11,72320
1ecc0fd5,0,17,41813
1ecc0fd5,1,10,63675
1ecc0fd5,1,25,56604
1ecc0fd5,1,20,63675
1ecc0fd5,1,28,60357
1ecc0fd5,2,6,84613
1ecc0fd5,2,26,82876
1ecc0fd5,2,6,63675
1ecc0fd5,2,26,28683
1ecc0fd5,3,17,18559
1ecc0fd5,3,6,37714
1ecc0fd5,3,25,52244
1ecc0fd5,4,6,32967
1ecc0fd5,4,8,37714
1ecc0fd5,5,10,84613
1ecc0fd5,6,27,94352
1ecc0fd5,7,17,99483
1ecc0fd5,7,9,82876
1ecc0fd5,7,8,26275
1ecc0fd5,8,12,26980
1ecc0fd5,8,19,28683
1ecc0fd5,9,25,84613
1ecc0fd5,9,25,41813
3863f7ac,0,25,72320
3863f7ac,0,22,56604
3863f7ac,0,25,32967
3863f7ac,1,11,26275
3863f7ac,2,16,94352
3863f7ac,3,18,37714
3863f7ac,4,19,26980
3863f7ac,4,29,63675
3863f7ac,4,26,28683
3863f7ac,5,18,18559
3863f7ac,6,23,28683
3863f7ac,7,14,63675
3863f7ac,7,29,28683
3863f7ac,8,7,63675
3863f7ac,9,17,84613
3863f7ac,9,10,63675
3863f7ac,9,27,18559
3863f7ac,9,16,99483
3a804531,0,7,28683
3a804531,1,17,59220
3a804531,2,17,68557
3a804531,2,17,63675
3a804531,2,16,32967
3a804531,2,6,99483
3a804531,3,26,26275
3a804531,4,16,68557
3a804531,5,17,56604
3a804531,5,20,37714
3a804531,6,14,18559
3a804531,6,9,37714
3a804531,7,28,37714
3a804531,7,18,60357
3a804531,7,21,73157
3a804531,7,9,99483
3a804531,8,16,82876
3a804531,9,23,28683
3a804531,9,24,59220
3a804531,9,17,67573
3a804531,9,25,68557
fa518ae0,0,7,18559
fa518ae0,1,11,72320
fa518ae0,2,15,60357
fa518ae0,2,15,26275
fa518ae0,2,29,67573
fa518ae0,3,11,63675
fa518ae0,3,20,26980
fa518ae0,4,22,18559
fa518ae0,4,26,67573
fa518ae0,5,28,32967
fa518ae0,5,29,32967
fa518ae0,5,17,67573
fa518ae0,5,24,56604
fa518ae0,6,27,72320
fa518ae0,6,28,28683
fa518ae0,6,14,41813
fa518ae0,7,15,94352
fa518ae0,7,7,32967
fa518ae0,7,24,26275
fa518ae0,7,9,84613
fa518ae0,8,15,84613
fa518ae0,8,15,60357
fa518ae0,9,14,41813
fa518ae0,9,29,82876
fa518ae0,9,16,73157
ef944159,0,21,41813
ef944159,0,9,28683
ef944159,0,22,37714
ef944159,1,24,63675
ef944159,1,29,37714
ef944159,1,24,60357
ef944159,2,27,84613
ef944159,3,5,26275
ef944159,4,21,72320
ef944159,4,21,28683
ef944159,5,6,94352
ef944159,5,24,60357
ef944159,5,29,41813
ef944159,6,11,32967
ef944159,6,20,56604
ef944159,7,16,94352
ef944159,8,26,67573
ef944159,9,6,32967
ef944159,9,12,68557
ef944159,9,12,60357
ef944159,9,20,68557
efdd98a4,0,25,73157
efdd98a4,0,12,59220
efdd98a4,0,29,28683
efdd98a4,0,29,26275
efdd98a4,1,6,99483
efdd98a4,2,17,82876
efdd98a4,2,6,73157
efdd98a4,3,29,73157
efdd98a4,3,5,94352
efdd98a4,3,10,82876
efdd98a4,4,23,59220
efdd98a4,4,10,72320
efdd98a4,5,16,68557
efdd98a4,5,15,52244
efdd98a4,5,25,32967
efdd98a4,5,25,94352
efdd98a4,6,16,52244
efdd98a4,6,14,26275
efdd98a4,6,7,26275
efdd98a4,7,28,67573
efdd98a4,7,22,72320
efdd98a4,7,20,84613
efdd98a4,8,8,73157
efdd98a4,8,20,94352
efdd98a4,9,22,68557
efdd98a4,9,11,82876
efdd98a4,9,7,94352
1ce3e603,0,6,73157
1ce3e603,0,26,60357
1ce3e603,1,26,26980
1ce3e603,2,12,41813
1ce3e603,3,6,41813
1ce3e603,4,12,60357
1ce3e603,4,28,94352
1ce3e603,4,18,63675
1ce3e603,5,14,82876
1ce3e603,6,23,41813
1ce3e603,6,26,32967
1ce3e603,6,25,73157
1ce3e603,7,18,59220
1ce3e603,7,25,60357
1ce3e603,7,21,28683
1ce3e603,7,9,26980
1ce3e603,8,8,26275
1ce3e603,8,27,59220
1ce3e603,8,20,94352
1ce3e603,8,9,56604
1ce3e603,9,6,28683
04bcb15b,0,22,28683
04bcb15b,1,20,68557
04bcb15b,1,11,59220
04bcb15b,2,18,18559
04bcb15b,3,22,99483
04bcb15b,4,20,60357
04bcb15b,5,7,73157
04bcb15b,5,27,28683
04bcb15b,6,17,28683
04bcb15b,7,18,28683
04bcb15b,7,18,32967
04bcb15b,7,22,32967
04bcb15b,8,16,32967
04bcb15b,8,24,99483
04bcb15b,9,29,63675
04bcb15b,9,21,28683
04bcb15b,9,11,84613
04bcb15b,9,19,60357
4de6a8cc,0,26,41813
4de6a8cc,0,14,72320
4de6a8cc,1,12,72320
4de6a8cc,2,10,26275
4de6a8cc,2,27,73157
4de6a8cc,2,27,73157
4de6a8cc,3,20,60357
4de6a8cc,3,28,26275
4de6a8cc,3,12,99483
4de6a8cc,3,14,94352
4de6a8cc,4,17,73157
4de6a8cc,4,18,73157
4de6a8cc,5,6,63675
4de6a8cc,5,28,67573
4de6a8cc,5,11,67573
4de6a8cc,5,11,41813
4de6a8cc,6,27,26275
4de6a8cc,7,8,41813
4de6a8cc,7,7,52244
4de6a8cc,7,22,32967
4de6a8cc,8,16,60357
4de6a8cc,9,15,84613
4de6a8cc,9,20,18559
4de6a8cc,9,19,41813
4de6a8cc,9,23,28683
1d854e3e,0,19,41813
1d854e3e,0,15,59220
1d854e3e,0,6,26980
1d854e3e,1,25,59220
1d854e3e,1,29,63675
1d854e3e,1,6,37714
1d854e3e,2,15,67573
1d854e3e,2,20,73157
1d854e3e,2,17,56604
1d854e3e,2,24,82876
1d854e3e,3,5,99483
1d854e3e,4,28,52244
1d854e3e,4,24,26980
1d854e3e,5,17,63675
1d854e3e,5,24,52244
1d854e3e,5,6,73157
1d854e3e,5,8,68557
1d854e3e,6,18,52244
1d854e3e,6,25,82876
1d854e3e,7,16,59220
1d854e3e,7,19,26275
1d854e3e,7,27,60357
1d854e3e,8,13,84613
1d854e3e,8,13,60357
1d854e3e,8,16,26275
1d854e3e,9,15,82876
1d854e3e,9,11,56604
1d854e3e,9,27,63675
ee62514f,0,17,26980
ee62514f,1,17,37714
ee62514f,1,22,59220
ee62514f,1,12,84613
ee62514f,1,22,73157
ee62514f,2,27,73157
ee62514f,2,26,18559
ee62514f,2,17,73157
ee62514f,3,9,26980
ee62514f,4,12,68557
ee62514f,4,19,26980
ee62514f,5,23,63675
ee62514f,5,15,68557
ee62514f,5,8,52244
ee62514f,5,28,18559
ee62514f,6,16,84613
ee62514f,6,6,60357
ee62514f,7,25,26275
ee62514f,7,20,18559
ee62514f,7,9,18559
ee62514f,7,10,60357
ee62514f,8,6,52244
ee62514f,8,13,68557
ee62514f,8,11,28683
ee62514f,8,12,99483
ee62514f,9,10,60357
ee62514f,9,15,68557
63f0cc3f,0,22,59220
63f0cc3f,0,20,72320
63f0cc3f,0,20,99483
63f0cc3f,0,15,82876
63f0cc3f,1,22,56604
63f0cc3f,1,18,26275
63f0cc3f,1,16,37714
63f0cc3f,2,13,72320
63f0cc3f,2,19,63675
63f0cc3f,2,19,63675
63f0cc3f,2,6,59220
63f0cc3f,3,11,18559
63f0cc3f,3,15,26980
63f0cc3f,4,15,32967
63f0cc3f,4,21,67573
63f0cc3f,4,7,68557
63f0cc3f,4,29,26275
63f0cc3f,5,13,59220
63f0cc3f,5,29,26275
63f0cc3f,5,26,41813
63f0cc3f,6,27,67573
63f0cc3f,6,24,72320
63f0cc3f,6,10,18559
63f0cc3f,7,28,63675
63f0cc3f,7,21,41813
63f0cc3f,7,22,28683
63f0cc3f,8,17,68557
63f0cc3f,8,9,82876
63f0cc3f,8,18,99483
63f0cc3f,8,22,56604
63f0cc3f,9,14,94352
63f0cc3f,9,26,37714
63f0cc3f,9,18,28683
7f74be54,0,28,18559
7f74be54,1,14,28683
7f74be54,1,22,63675
7f74be54,2,17,18559
7f74be54,3,20,59220
7f74be54,3,9,59220
7f74be54,3,20,41813
7f74be54,3,12,28683
7f74be54,4,14,52244
7f74be54,4,20,68557
7f74be54,4,23,68557
7f74be54,4,16,56604
7f74be54,5,6,73157
7f74be54,6,18,68557
7f74be54,7,20,56604
7f74be54,7,15,99483
7f74be54,8,18,68557
7f74be54,8,18,68557
7f74be54,9,8,99483
7f74be54,9,18,72320
7f74be54,9,11,60357
7f74be54,9,8,72320
e3612f68,0,17,82876
e3612f68,1,27,52244
e3612f68,1,23,94352
e3612f68,1,28,84613
e3612f68,1,29,56604
e3612f68,2,22,37714
e3612f68,2,6,73157
e3612f68,3,10,52244
e3612f68,3,21,68557
e3612f68,3,21,67573
e3612f68,4,19,52244
e3612f68,4,22,99483
e3612f68,5,17,84613
e3612f68,6,7,84613
e3612f68,6,16,26275
e3612f68,6,26,84613
e3612f68,7,8,67573
e3612f68,7,13,82876
e3612f68,8,21,18559
e3612f68,8,5,26980
e3612f68,9,20,68557
e3612f68,9,16,84613
e3612f68,9,10,41813
e3612f68,9,27,56604
f1a77ab4,0,29,41813
f1a77ab4,0,10,60357
f1a77ab4,0,7,94352
f1a77ab4,0,27,68557
f1a77ab4,1,24,82876
f1a77ab4,1,11,26275
f1a77ab4,1,22,63675
f1a77ab4,2,5,68557
f1a77ab4,2,10,84613
f1a77ab4,2,11,99483
f1a77ab4,2,5,60357
f1a77ab4,3,5,68557
f1a77ab4,3,27,28683
f1a77ab4,3,14,26980
f1a77ab4,3,22,84613
f1a77ab4,4,10,32967
f1a77ab4,4,15,32967
f1a77ab4,4,27,99483
f1a77ab4,5,6,68557
f1a77ab4,5,18,59220
f1a77ab4,5,17,72320
f1a77ab4,5,28,28683
f1a77ab4,6,12,56604
f1a77ab4,6,24,99483
f1a77ab4,7,11,32967
f1a77ab4,7,11,82876
f1a77ab4,8,6,32967
f1a77ab4,8,18,37714
f1a77ab4,9,11,67573
f1a77ab4,9,15,18559
f1a77ab4,9,28,37714
a74c269e,0,29,73157
a74c269e,1,14,32967
a74c269e,1,28,60357
a74c269e,2,12,52244
a74c269e,2,9,59220
a74c269e,2,13,28683
a74c269e,3,15,84613
a74c269e,3,13,72320
a74c269e,3,26,84613
a74c269e,4,11,84613
a74c269e,5,16,37714
a74c269e,5,6,26275
a74c269e,5,14,99483
a74c269e,6,20,41813
a74c269e,6,26,41813
a74c269e,7,18,94352
a74c269e,7,16,94352
a74c269e,8,23,99483
a74c269e,8,26,63675
a74c269e,8,29,28683
a74c269e,8,22,18559
a74c269e,9,6,82876
13993ced,0,16,94352
13993ced,0,12,84613
13993ced,1,17,28683
13993ced,2,10,72320
13993ced,2,13,63675
13993ced,2,14,84613
13993ced,2,8,67573
13993ced,3,23,59220
13993ced,3,7,63675
13993ced,3,6,56604
13993ced,3,28,72320
13993ced,4,23,94352
13993ced,4,25,52244
13993ced,5,29,99483
13993ced,5,15,41813
13993ced,5,13,59220
13993ced,5,16,84613
13993ced,6,28,59220
13993ced,6,25,59220
13993ced,7,6,37714
13993ced,8,26,72320
13993ced,8,17,82876
13993ced,8,12,68557
13993ced,8,27,37714
13993ced,9,7,94352
5e1a8230,0,26,84613
5e1a8230,0,26,67573
5e1a8230,0,5,26275
5e1a8230,0,27,73157
5e1a8230,1,15,26980
5e1a8230,1,22,94352
5e1a8230,1,26,82876
5e1a8230,2,7,82876
5e1a8230,2,25,37714
5e1a8230,2,14,59220
5e1a8230,3,19,32967
5e1a8230,3,8,28683
5e1a8230,4,6,60357
5e1a8230,4,22,67573
5e1a8230,4,19,84613
5e1a8230,4,18,68557
5e1a8230,5,18,73157
5e1a8230,5,7,37714
5e1a8230,5,22,73157
5e1a8230,5,19,68557
5e1a8230,6,6,67573
5e1a8230,6,25,63675
5e1a8230,6,18,26275
5e1a8230,6,17,26980
5e1a8230,7,5,52244
5e1a8230,8,5,94352
5e1a8230,8,16,99483
5e1a8230,8,5,68557
5e1a8230,9,28,32967
5e1a8230,9,29,99483
5e1a8230,9,29,59220
5e1a8230,9,28,99483
b7cd7d5b,0,22,37714
b7cd7d5b,0,20,41813
b7cd7d5b,0,26,56604
b7cd7d5b,1,25,26980
b7cd7d5b,1,12,59220
b7cd7d5b,2,22,73157
b7cd7d5b,2,15,32967
b7cd7d5b,2,27,82876
b7cd7d5b,2,8,52244
b7cd7d5b,3,13,84613
b7cd7d5b,3,22,68557
b7cd7d5b,3,7,82876
b7cd7d5b,4,8,67573
b7cd7d5b,4,11,67573
b7cd7d5b,5,25,84613
b7cd7d5b,6,7,26980
b7cd7d5b,7,18,56604
b7cd7d5b,7,21,37714
b7cd7d5b,8,18,28683
b7cd7d5b,8,24,68557
b7cd7d5b,9,29,82876
b7cd7d5b,9,13,84613
b7cd7d5b,9,24,26980
26ac98b5,0,17,84613
26ac98b5,0,20,28683
26ac98b5,0,18,63675
26ac98b5,0,16,18559
26ac98b5,1,6,99483
26ac98b5,1,13,28683
26ac98b5,1,8,68557
26ac98b5,1,13,94352
26ac98b5,2,24,84613
26ac98b5,2,10,73157
26ac98b5,3,24,28683
26ac98b5,3,18,63675
26ac98b5,3,16,26980
26ac98b5,3,17,26980
26ac98b5,4,27,72320
26ac98b5,4,20,28683
26ac98b5,4,22,82876
26ac98b5,4,6,72320
26ac98b5,5,6,37714
26ac98b5,6,12,59220
26ac98b5,6,29,67573
26ac98b5,6,27,26275
26ac98b5,7,6,73157
26ac98b5,7,7,60357
26ac98b5,8,28,32967
26ac98b5,8,17,26275
26ac98b5,8,26,41813
26ac98b5,8,5,94352
26ac98b5,9,19,32967
26ac98b5,9,10,32967
26ac98b5,9,20,37714
5a2bb80c,0,29,59220
5a2bb80c,1,8,56604
5a2bb80c,2,27,82876
5a2bb80c,2,22,26275
5a2bb80c,2,20,84613
5a2bb80c,2,10,18559
5a2bb80c,3,14,68557
5a2bb80c,4,16,60357
5a2bb80c,4,18,72320
5a2bb80c,5,14,59220
5a2bb80c,6,6,99483
5a2bb80c,6,13,56604
5a2bb80c,6,11,18559
5a2bb80c,6,10,72320
5a2bb80c,7,21,68557
5a2bb80c,7,16,18559
5a2bb80c,8,5,82876
5a2bb80c,8,27,41813
5a2bb80c,9,23,99483
5a2bb80c,9,10,37714
5a2bb80c,9,20,82876
5a2bb80c,9,10,72320
97a41ed6,0,8,32967
97a41ed6,0,29,82876
97a41ed6,0,13,63675
97a41ed6,1,19,84613
97a41ed6,1,13,56604
97a41ed6,1,9,26275
97a41ed6,2,20,82876
97a41ed6,2,6,52244
97a41ed6,2,13,26980
97a41ed6,3,20,26275
97a41ed6,3,12,84613
97a41ed6,4,6,60357
97a41ed6,4,15,63675
97a41ed6,5,22,26980
97a41ed6,5,22,99483
97a41ed6,5,17,37714
97a41ed6,6,13,26275
97a41ed6,6,6,82876
97a41ed6,6,11,63675
97a41ed6,7,27,68557
97a41ed6,7,19,72320
97a41ed6,7,24,56604
97a41ed6,7,16,99483
97a41ed6,8,14,26275
97a41ed6,8,14,59220
97a41ed6,8,26,18559
97a41ed6,9,18,94352
